Symbol,Option name,Strike,Price,BaroneAdiseWhaely,BjerksundStensland,FDAmericanEngine,jr,crr,eqp,trigeorgis,tian,lr
MMM,MMM160603P00148000,148,0.01,50.95,50.95,50.95,50.95,50.95,50.95,50.95,50.95,50.95
MMM,MMM160603P00152500,152.5,0.01,55.45,55.45,55.45,55.45,55.45,55.45,55.45,55.45,55.45
MMM,MMM160603P00155000,155,0.04,57.95,57.95,57.95,57.95,57.95,57.95,57.95,57.95,57.95
MMM,MMM160603P00157500,157.5,0.19,60.45,60.45,60.45,60.45,60.45,60.45,60.45,60.45,60.45
MMM,MMM160603P00160000,160,0.13,62.95,62.95,62.95,62.95,62.95,62.95,62.95,62.95,62.95
MMM,MMM160603P00162500,162.5,0.08,65.45,65.45,65.45,65.45,65.45,65.45,65.45,65.45,65.45
MMM,MMM160603P00165000,165,0.07,67.96,67.96,67.96,67.96,67.96,67.96,67.96,67.96,67.96
MMM,MMM160603P00167500,167.5,0.36,70.46,70.46,70.46,70.46,70.46,70.46,70.46,70.46,70.46
MMM,MMM160603P00170000,170,2.32,72.95,72.95,72.95,72.95,72.95,72.95,72.95,72.95,72.95
MMM,MMM160603P00172500,172.5,5.1,75.46,75.46,75.46,75.46,75.46,75.46,75.46,75.46,75.46
MMM,MMM160603P00175000,175,6.5,77.95,77.95,77.95,77.95,77.95,77.95,77.95,77.95,77.95
MMM,MMM160603P00190000,190,21.83,92.96,92.96,92.96,92.96,92.96,92.96,92.96,92.96,92.96
MMM,MMM160610P00140000,140,0.08,42.96,42.96,42.96,42.96,42.96,42.96,42.96,42.96,42.96
MMM,MMM160610P00145000,145,0.27,47.96,47.96,47.96,47.96,47.96,47.96,47.96,47.96,47.96
MMM,MMM160610P00150000,150,0.26,52.96,52.96,52.96,52.96,52.96,52.96,52.96,52.96,52.96
MMM,MMM160610P00152500,152.5,0.21,55.46,55.46,55.46,55.46,55.46,55.46,55.46,55.46,55.46
MMM,MMM160610P00155000,155,0.73,57.95,57.95,57.95,57.95,57.95,57.95,57.95,57.95,57.95
MMM,MMM160610P00157500,157.5,0.38,60.46,60.46,60.46,60.46,60.46,60.46,60.46,60.46,60.46
MMM,MMM160610P00160000,160,0.25,62.95,62.95,62.95,62.95,62.95,62.95,62.95,62.95,62.95
MMM,MMM160610P00162500,162.5,0.25,65.46,65.46,65.46,65.46,65.46,65.46,65.46,65.46,65.46
MMM,MMM160610P00165000,165,0.47,67.95,67.95,67.95,67.95,67.95,67.95,67.95,67.95,67.95
MMM,MMM160610P00167500,167.5,1.15,70.45,70.45,70.45,70.45,70.45,70.45,70.45,70.45,70.45
MMM,MMM160610P00170000,170,2.62,72.95,72.95,72.95,72.95,72.95,72.95,72.95,72.95,72.95
MMM,MMM160610P00172500,172.5,3.65,75.45,75.45,75.45,75.45,75.45,75.45,75.45,75.45,75.45
MMM,MMM160617P00085000,85,0.01,0,0,0,0,0,0,0,0,0
MMM,MMM160617P00095000,95,0.02,0.118,0.118,0.118,0.118,0.118,0.118,0.118,0.118,0.118
MMM,MMM160617P00100000,100,0.01,2.977,2.977,2.981,2.981,2.981,2.981,2.981,2.981,2.981
MMM,MMM160617P00105000,105,0.04,7.95,7.95,7.95,7.95,7.95,7.95,7.95,7.95,7.95
MMM,MMM160617P00110000,110,0.04,12.95,12.95,12.95,12.95,12.95,12.95,12.95,12.95,12.95
MMM,MMM160617P00115000,115,0.05,17.95,17.95,17.95,17.95,17.95,17.95,17.95,17.95,17.95
MMM,MMM160617P00125000,125,0.08,27.96,27.96,27.96,27.96,27.96,27.96,27.96,27.96,27.96
MMM,MMM160617P00130000,130,0.08,32.96,32.96,32.96,32.96,32.96,32.96,32.96,32.96,32.96
MMM,MMM160617P00135000,135,0.03,37.96,37.96,37.96,37.96,37.96,37.96,37.96,37.96,37.96
MMM,MMM160617P00140000,140,0.03,42.96,42.96,42.96,42.96,42.96,42.96,42.96,42.96,42.96
MMM,MMM160617P00144000,144,0.05,46.96,46.96,46.96,46.96,46.96,46.96,46.96,46.96,46.96
MMM,MMM160617P00145000,145,0.07,47.95,47.95,47.95,47.95,47.95,47.95,47.95,47.95,47.95
MMM,MMM160617P00147000,147,0.15,49.96,49.96,49.96,49.96,49.96,49.96,49.96,49.96,49.96
MMM,MMM160617P00148000,148,0.12,50.95,50.95,50.95,50.95,50.95,50.95,50.95,50.95,50.95
MMM,MMM160617P00149000,149,0.11,51.96,51.96,51.96,51.96,51.96,51.96,51.96,51.96,51.96
MMM,MMM160617P00150000,150,0.12,52.96,52.96,52.96,52.96,52.96,52.96,52.96,52.96,52.96
MMM,MMM160617P00152500,152.5,0.15,55.46,55.46,55.46,55.46,55.46,55.46,55.46,55.46,55.46
MMM,MMM160617P00155000,155,0.18,57.96,57.96,57.96,57.96,57.96,57.96,57.96,57.96,57.96
MMM,MMM160617P00157500,157.5,0.29,60.46,60.46,60.46,60.46,60.46,60.46,60.46,60.46,60.46
MMM,MMM160617P00160000,160,0.29,62.96,62.96,62.96,62.96,62.96,62.96,62.96,62.96,62.96
MMM,MMM160617P00162500,162.5,0.52,65.46,65.46,65.46,65.46,65.46,65.46,65.46,65.46,65.46
MMM,MMM160617P00165000,165,0.87,67.96,67.96,67.96,67.96,67.96,67.96,67.96,67.96,67.96
MMM,MMM160617P00167500,167.5,1.58,70.46,70.46,70.46,70.46,70.46,70.46,70.46,70.46,70.46
MMM,MMM160617P00170000,170,3,72.94,72.94,72.94,72.94,72.94,72.94,72.94,72.94,72.94
MMM,MMM160617P00172500,172.5,5,75.44,75.44,75.44,75.44,75.44,75.44,75.44,75.44,75.44
MMM,MMM160617P00175000,175,5.65,77.94,77.94,77.94,77.94,77.94,77.94,77.94,77.94,77.94
MMM,MMM160617P00180000,180,12.5,82.94,82.94,82.94,82.94,82.94,82.94,82.94,82.94,82.94
MMM,MMM160624P00130000,130,0.09,32.94,32.94,32.94,32.94,32.94,32.94,32.94,32.94,32.94
MMM,MMM160624P00140000,140,0.25,42.94,42.94,42.94,42.94,42.94,42.94,42.94,42.94,42.94
MMM,MMM160624P00142000,142,0.13,44.94,44.94,44.94,44.94,44.94,44.94,44.94,44.94,44.94
MMM,MMM160624P00146000,146,0.2,48.94,48.94,48.94,48.94,48.94,48.94,48.94,48.94,48.94
MMM,MMM160624P00148000,148,0.39,50.94,50.94,50.94,50.94,50.94,50.94,50.94,50.94,50.94
MMM,MMM160624P00149000,149,0.35,51.94,51.94,51.94,51.94,51.94,51.94,51.94,51.94,51.94
MMM,MMM160624P00150000,150,0.35,52.94,52.94,52.94,52.94,52.94,52.94,52.94,52.94,52.94
MMM,MMM160624P00152500,152.5,0.51,55.44,55.44,55.44,55.44,55.44,55.44,55.44,55.44,55.44
MMM,MMM160624P00155000,155,0.62,57.94,57.94,57.94,57.94,57.94,57.94,57.94,57.94,57.94
MMM,MMM160624P00157500,157.5,0.58,60.44,60.44,60.44,60.44,60.44,60.44,60.44,60.44,60.44
MMM,MMM160624P00160000,160,0.53,62.95,62.95,62.95,62.95,62.95,62.95,62.95,62.95,62.95
MMM,MMM160624P00162500,162.5,0.81,65.45,65.45,65.45,65.45,65.45,65.45,65.45,65.45,65.45
MMM,MMM160624P00165000,165,1.25,67.95,67.95,67.95,67.95,67.95,67.95,67.95,67.95,67.95
MMM,MMM160624P00167500,167.5,1.9,70.45,70.45,70.45,70.45,70.45,70.45,70.45,70.45,70.45
MMM,MMM160624P00170000,170,2.94,72.95,72.95,72.95,72.95,72.95,72.95,72.95,72.95,72.95
MMM,MMM160624P00175000,175,7.58,77.95,77.95,77.95,77.95,77.95,77.95,77.95,77.95,77.95
MMM,MMM160701P00149000,149,0.19,51.94,51.94,51.94,51.94,51.94,51.94,51.94,51.94,51.94
MMM,MMM160701P00150000,150,0.64,52.94,52.94,52.94,52.94,52.94,52.94,52.94,52.94,52.94
MMM,MMM160701P00152500,152.5,0.5,55.44,55.44,55.44,55.44,55.44,55.44,55.44,55.44,55.44
MMM,MMM160701P00155000,155,0.35,57.94,57.94,57.94,57.94,57.94,57.94,57.94,57.94,57.94
MMM,MMM160701P00160000,160,0.64,62.95,62.95,62.95,62.95,62.95,62.95,62.95,62.95,62.95
MMM,MMM160701P00162500,162.5,1.05,65.45,65.45,65.45,65.45,65.45,65.45,65.45,65.45,65.45
MMM,MMM160701P00165000,165,1.55,67.95,67.95,67.95,67.95,67.95,67.95,67.95,67.95,67.95
MMM,MMM160701P00167500,167.5,2.32,70.45,70.45,70.45,70.45,70.45,70.45,70.45,70.45,70.45
MMM,MMM160701P00170000,170,3.3,72.94,72.94,72.94,72.94,72.94,72.94,72.94,72.94,72.94
MMM,MMM160701P00175000,175,5.5,77.95,77.95,77.95,77.95,77.95,77.95,77.95,77.95,77.95
MMM,MMM160701P00177500,177.5,7.5,80.45,80.45,80.45,80.45,80.45,80.45,80.45,80.45,80.45
MMM,MMM160708P00150000,150,0.24,52.95,52.95,52.95,52.95,52.95,52.95,52.95,52.95,52.95
MMM,MMM160708P00152500,152.5,0.35,55.45,55.45,55.45,55.45,55.45,55.45,55.45,55.45,55.45
MMM,MMM160708P00157500,157.5,0.69,60.45,60.45,60.45,60.45,60.45,60.45,60.45,60.45,60.45
MMM,MMM160708P00160000,160,0.96,62.95,62.95,62.95,62.95,62.95,62.95,62.95,62.95,62.95
MMM,MMM160708P00170000,170,3.6,72.95,72.95,72.95,72.95,72.95,72.95,72.95,72.95,72.95
MMM,MMM160708P00172500,172.5,5,75.45,75.45,75.45,75.45,75.45,75.45,75.45,75.45,75.45
MMM,MMM160715P00080000,80,0.03,0,0,0,0,0,0,0,0,0
MMM,MMM160715P00085000,85,0.01,0,0,0,0,0,0,0,0,0
MMM,MMM160715P00090000,90,0.01,0,0,0,0,0,0,0,0,0
MMM,MMM160715P00095000,95,0.01,0.121,0.12,0.12,0.121,0.12,0.12,0.12,0.121,0.12
MMM,MMM160715P00100000,100,0.02,2.977,2.977,2.981,2.981,2.981,2.981,2.981,2.981,2.981
MMM,MMM160715P00105000,105,0.02,7.95,7.95,7.95,7.95,7.95,7.95,7.95,7.95,7.95
MMM,MMM160715P00110000,110,0.03,12.94,12.94,12.94,12.94,12.94,12.94,12.94,12.94,12.94
MMM,MMM160715P00115000,115,0.05,17.94,17.94,17.94,17.94,17.94,17.94,17.94,17.94,17.94
MMM,MMM160715P00120000,120,0.05,22.95,22.95,22.95,22.95,22.95,22.95,22.95,22.95,22.95
MMM,MMM160715P00125000,125,0.11,27.95,27.95,27.95,27.95,27.95,27.95,27.95,27.95,27.95
MMM,MMM160715P00130000,130,0.13,32.95,32.95,32.95,32.95,32.95,32.95,32.95,32.95,32.95
MMM,MMM160715P00135000,135,0.11,37.94,37.94,37.94,37.94,37.94,37.94,37.94,37.94,37.94
MMM,MMM160715P00140000,140,0.17,42.94,42.94,42.94,42.94,42.94,42.94,42.94,42.94,42.94
MMM,MMM160715P00145000,145,0.31,47.94,47.94,47.94,47.94,47.94,47.94,47.94,47.94,47.94
MMM,MMM160715P00150000,150,0.38,52.94,52.94,52.94,52.94,52.94,52.94,52.94,52.94,52.94
MMM,MMM160715P00155000,155,0.55,57.94,57.94,57.94,57.94,57.94,57.94,57.94,57.94,57.94
MMM,MMM160715P00160000,160,1.05,62.94,62.94,62.94,62.94,62.94,62.94,62.94,62.94,62.94
MMM,MMM160715P00165000,165,2.12,67.94,67.94,67.94,67.94,67.94,67.94,67.94,67.94,67.94
MMM,MMM160715P00170000,170,3.7,72.94,72.94,72.94,72.94,72.94,72.94,72.94,72.94,72.94
MMM,MMM160715P00175000,175,6.85,77.94,77.94,77.94,77.94,77.94,77.94,77.94,77.94,77.94
MMM,MMM160715P00180000,180,13.2,82.94,82.94,82.94,82.94,82.94,82.94,82.94,82.94,82.94
MMM,MMM160715P00185000,185,18.6,87.94,87.94,87.94,87.94,87.94,87.94,87.94,87.94,87.94
MMM,MMM160715P00230000,230,76.05,132.94,132.94,132.94,132.94,132.94,132.94,132.94,132.94,132.94
MMM,MMM161021P00080000,80,0.1,0,0,0,0,0,0,0,0,0
MMM,MMM161021P00085000,85,0.25,0,0,0,0,0,0,0,0,0
MMM,MMM161021P00090000,90,0.18,0,0,0,0,0,0,0,0,0
MMM,MMM161021P00095000,95,0.23,0.121,0.12,0.12,0.121,0.12,0.12,0.12,0.121,0.12
MMM,MMM161021P00100000,100,0.4,2.977,2.977,2.981,2.981,2.981,2.981,2.981,2.981,2.981
MMM,MMM161021P00105000,105,0.27,7.95,7.95,7.95,7.95,7.95,7.95,7.95,7.95,7.95
MMM,MMM161021P00110000,110,0.34,12.95,12.95,12.95,12.95,12.95,12.95,12.95,12.95,12.95
MMM,MMM161021P00115000,115,0.46,17.95,17.95,17.95,17.95,17.95,17.95,17.95,17.95,17.95
MMM,MMM161021P00120000,120,0.51,22.95,22.95,22.95,22.95,22.95,22.95,22.95,22.95,22.95
MMM,MMM161021P00125000,125,0.89,27.95,27.95,27.95,27.95,27.95,27.95,27.95,27.95,27.95
MMM,MMM161021P00130000,130,0.81,32.95,32.95,32.95,32.95,32.95,32.95,32.95,32.95,32.95
MMM,MMM161021P00135000,135,1.01,37.95,37.95,37.95,37.95,37.95,37.95,37.95,37.95,37.95
MMM,MMM161021P00140000,140,1.25,42.95,42.95,42.95,42.95,42.95,42.95,42.95,42.95,42.95
MMM,MMM161021P00145000,145,1.63,47.95,47.95,47.95,47.95,47.95,47.95,47.95,47.95,47.95
MMM,MMM161021P00150000,150,2.3,52.95,52.95,52.95,52.95,52.95,52.95,52.95,52.95,52.95
MMM,MMM161021P00155000,155,3.15,57.95,57.95,57.95,57.95,57.95,57.95,57.95,57.95,57.95
MMM,MMM161021P00160000,160,4.25,62.94,62.94,62.94,62.94,62.94,62.94,62.94,62.94,62.94
MMM,MMM161021P00165000,165,5.55,67.94,67.94,67.94,67.94,67.94,67.94,67.94,67.94,67.94
MMM,MMM161021P00170000,170,7.55,72.94,72.94,72.94,72.94,72.94,72.94,72.94,72.94,72.94
MMM,MMM161021P00175000,175,11.4,77.94,77.94,77.94,77.94,77.94,77.94,77.94,77.94,77.94
MMM,MMM161021P00180000,180,14.55,82.94,82.94,82.94,82.94,82.94,82.94,82.94,82.94,82.94
MMM,MMM170120P00070000,70,0.2,0,0,0,0,0,0,0,0,0
MMM,MMM170120P00075000,75,0.21,0,0,0,0,0,0,0,0,0
MMM,MMM170120P00080000,80,0.29,0,0,0,0,0,0,0,0,0
MMM,MMM170120P00085000,85,0.35,0,0,0,0,0,0,0,0,0
MMM,MMM170120P00090000,90,0.4,0,0,0,0,0,0,0,0,0
MMM,MMM170120P00095000,95,0.68,0.124,0.124,0.124,0.124,0.124,0.124,0.124,0.124,0.124
MMM,MMM170120P00100000,100,0.57,3.006,3.006,3.009,3.009,3.009,3.009,3.009,3.009,3.009
MMM,MMM170120P00105000,105,0.64,7.98,7.98,7.98,7.98,7.98,7.98,7.98,7.98,7.98
MMM,MMM170120P00110000,110,0.85,12.98,12.98,12.98,12.98,12.98,12.98,12.98,12.98,12.98
MMM,MMM170120P00115000,115,1.02,17.98,17.98,17.98,17.98,17.98,17.98,17.98,17.98,17.98
MMM,MMM170120P00120000,120,1.28,22.98,22.98,22.98,22.98,22.98,22.98,22.98,22.98,22.98
MMM,MMM170120P00125000,125,1.52,27.98,27.98,27.98,27.98,27.98,27.98,27.98,27.98,27.98
MMM,MMM170120P00130000,130,1.79,32.97,32.97,32.97,32.97,32.97,32.97,32.97,32.97,32.97
MMM,MMM170120P00135000,135,2.16,37.96,37.96,37.96,37.96,37.96,37.96,37.96,37.96,37.96
MMM,MMM170120P00140000,140,2.64,42.96,42.96,42.96,42.96,42.96,42.96,42.96,42.96,42.96
MMM,MMM170120P00145000,145,3.25,47.96,47.96,47.96,47.96,47.96,47.96,47.96,47.96,47.96
MMM,MMM170120P00150000,150,4.15,52.96,52.96,52.96,52.96,52.96,52.96,52.96,52.96,52.96
MMM,MMM170120P00155000,155,5.35,57.96,57.96,57.96,57.96,57.96,57.96,57.96,57.96,57.96
MMM,MMM170120P00160000,160,6.7,62.96,62.96,62.96,62.96,62.96,62.96,62.96,62.96,62.96
MMM,MMM170120P00165000,165,8.49,67.96,67.96,67.96,67.96,67.96,67.96,67.96,67.96,67.96
MMM,MMM170120P00170000,170,10.75,72.96,72.96,72.96,72.96,72.96,72.96,72.96,72.96,72.96
MMM,MMM170120P00175000,175,13.66,77.96,77.96,77.96,77.96,77.96,77.96,77.96,77.96,77.96
MMM,MMM170120P00180000,180,16.3,82.96,82.96,82.96,82.96,82.96,82.96,82.96,82.96,82.96
MMM,MMM170120P00185000,185,22.05,87.96,87.96,87.96,87.96,87.96,87.96,87.96,87.96,87.96
MMM,MMM170120P00190000,190,23.5,92.95,92.95,92.95,92.95,92.95,92.95,92.95,92.95,92.95
MMM,MMM170120P00195000,195,28.5,97.95,97.95,97.95,97.95,97.95,97.95,97.95,97.95,97.95
MMM,MMM170120P00210000,210,45.2,112.95,112.95,112.95,112.95,112.95,112.95,112.95,112.95,112.95
MMM,MMM170120P00220000,220,67.3,122.94,122.94,122.94,122.94,122.94,122.94,122.94,122.94,122.94
MMM,MMM170120P00230000,230,65,132.94,132.94,132.94,132.94,132.94,132.94,132.94,132.94,132.94
MMM,MMM180119P00070000,70,0.73,0,0,0,0,0,0,0,0,0
MMM,MMM180119P00075000,75,0.98,0,0,0,0,0,0,0,0,0
MMM,MMM180119P00080000,80,1.1,0,0,0,0,0,0,0,0,0
MMM,MMM180119P00085000,85,1.28,0,0,0,0,0,0,0,0,0
MMM,MMM180119P00090000,90,1.83,0,0,0,0,0,0,0,0,0
MMM,MMM180119P00095000,95,2.21,0.119,0.119,0.119,0.119,0.119,0.119,0.119,0.119,0.119
MMM,MMM180119P00100000,100,2.1,2.977,2.977,2.981,2.981,2.981,2.981,2.981,2.981,2.981
MMM,MMM180119P00105000,105,2.77,7.94,7.94,7.94,7.94,7.94,7.94,7.94,7.94,7.94
MMM,MMM180119P00110000,110,3,12.94,12.94,12.94,12.94,12.94,12.94,12.94,12.94,12.94
MMM,MMM180119P00115000,115,3.96,17.94,17.94,17.94,17.94,17.94,17.94,17.94,17.94,17.94
MMM,MMM180119P00120000,120,3.9,22.95,22.95,22.95,22.95,22.95,22.95,22.95,22.95,22.95
MMM,MMM180119P00125000,125,4.7,27.95,27.95,27.95,27.95,27.95,27.95,27.95,27.95,27.95
MMM,MMM180119P00130000,130,5.5,32.95,32.95,32.95,32.95,32.95,32.95,32.95,32.95,32.95
MMM,MMM180119P00135000,135,6.45,37.95,37.95,37.95,37.95,37.95,37.95,37.95,37.95,37.95
MMM,MMM180119P00140000,140,7.45,42.95,42.95,42.95,42.95,42.95,42.95,42.95,42.95,42.95
MMM,MMM180119P00145000,145,8.55,47.95,47.95,47.95,47.95,47.95,47.95,47.95,47.95,47.95
MMM,MMM180119P00150000,150,10.25,52.95,52.95,52.95,52.95,52.95,52.95,52.95,52.95,52.95
MMM,MMM180119P00155000,155,11.6,57.95,57.95,57.95,57.95,57.95,57.95,57.95,57.95,57.95
MMM,MMM180119P00160000,160,13.65,62.96,62.96,62.96,62.96,62.96,62.96,62.96,62.96,62.96
MMM,MMM180119P00165000,165,15.75,67.96,67.96,67.96,67.96,67.96,67.96,67.96,67.96,67.96
MMM,MMM180119P00170000,170,18.05,72.97,72.97,72.97,72.97,72.97,72.97,72.97,72.97,72.97
MMM,MMM180119P00175000,175,20.95,77.97,77.97,77.97,77.97,77.97,77.97,77.97,77.97,77.97
MMM,MMM180119P00180000,180,26.4,82.97,82.97,82.97,82.97,82.97,82.97,82.97,82.97,82.97
MMM,MMM180119P00185000,185,28,87.97,87.97,87.97,87.97,87.97,87.97,87.97,87.97,87.97
MMM,MMM180119P00190000,190,32.3,92.96,92.96,92.96,92.96,92.96,92.96,92.96,92.96,92.96
MMM,MMM180119P00195000,195,34.55,97.97,97.97,97.97,97.97,97.97,97.97,97.97,97.97,97.97
MMM,MMM180119P00200000,200,57,102.97,102.97,102.97,102.97,102.97,102.97,102.97,102.97,102.97
MMM,MMM180119P00210000,210,48.2,112.96,112.96,112.96,112.96,112.96,112.96,112.96,112.96,112.96
MMM,MMM180119P00220000,220,69,122.97,122.97,122.97,122.97,122.97,122.97,122.97,122.97,122.97
AXP,AXP160603P00056000,56,0.02,0,0,0,0,0,0,0,0,0
AXP,AXP160603P00057000,57,0.03,0,0,0,0,0,0,0,0,0
AXP,AXP160603P00058000,58,0.13,0,0,0,0,0,0,0,0,0
AXP,AXP160603P00058500,58.5,0.19,0,0,0,0,0,0,0,0,0
AXP,AXP160603P00059500,59.5,0.01,0,0,0,0,0,0,0,0,0
AXP,AXP160603P00060500,60.5,0.04,0,0,0,0,0,0,0,0,0
AXP,AXP160603P00061000,61,0.02,0,0,0,0,0,0,0,0,0
AXP,AXP160603P00061500,61.5,0.05,0,0,0,0,0,0,0,0,0
AXP,AXP160603P00062000,62,0.04,0,0,0,0,0,0,0,0,0
AXP,AXP160603P00062500,62.5,0.02,0,0,0,0,0,0,0,0,0
AXP,AXP160603P00063000,63,0.14,0,0,0,0,0,0,0,0,0
AXP,AXP160603P00063500,63.5,0.02,0,0,0,0,0,0,0,0,0
AXP,AXP160603P00064000,64,0.03,0,0,0,0,0,0,0,0,0
AXP,AXP160603P00064500,64.5,0.03,0,0,0,0,0,0,0,0,0
AXP,AXP160603P00065000,65,0.04,0,0,0,0,0,0,0,0,0
AXP,AXP160603P00065500,65.5,0.12,0,0,0,0,0,0,0,0,0
AXP,AXP160603P00066000,66,0.39,0,0,0,0,0,0,0,0,0
AXP,AXP160603P00070000,70,7.65,0,0,0,0,0,0,0,0,0
AXP,AXP160610P00054000,54,0.02,0,0,0,0,0,0,0,0,0
AXP,AXP160610P00055000,55,0.08,0,0,0,0,0,0,0,0,0
AXP,AXP160610P00057000,57,0.09,0,0,0,0,0,0,0,0,0
AXP,AXP160610P00058000,58,0.12,0,0,0,0,0,0,0,0,0
AXP,AXP160610P00058500,58.5,0.14,0,0,0,0,0,0,0,0,0
AXP,AXP160610P00059000,59,0.22,0,0,0,0,0,0,0,0,0
AXP,AXP160610P00060000,60,0.05,0,0,0,0,0,0,0,0,0
AXP,AXP160610P00061000,61,0.19,0,0,0,0,0,0,0,0,0
AXP,AXP160610P00061500,61.5,0.05,0,0,0,0,0,0,0,0,0
AXP,AXP160610P00062000,62,0.1,0,0,0,0,0,0,0,0,0
AXP,AXP160610P00062500,62.5,0.1,0,0,0,0,0,0,0,0,0
AXP,AXP160610P00063000,63,0.72,0,0,0,0,0,0,0,0,0
AXP,AXP160610P00063500,63.5,0.12,0,0,0,0,0,0,0,0,0
AXP,AXP160610P00064000,64,0.2,0,0,0,0,0,0,0,0,0
AXP,AXP160610P00064500,64.5,0.42,0,0,0,0,0,0,0,0,0
AXP,AXP160610P00065000,65,0.26,0,0,0,0,0,0,0,0,0
AXP,AXP160610P00065500,65.5,0.39,0,0,0,0,0,0,0,0,0
AXP,AXP160610P00066000,66,0.6,0,0,0,0,0,0,0,0,0
AXP,AXP160610P00066500,66.5,1.14,0,0,0,0,0,0,0,0,0
AXP,AXP160610P00067500,67.5,3.6,0,0,0,0,0,0,0,0,0
AXP,AXP160610P00073500,73.5,7.9,0,0,0,0,0,0,0,0,0
AXP,AXP160617P00045000,45,0.05,0,0,0,0,0,0,0,0,0
AXP,AXP160617P00050000,50,0.04,0,0,0,0,0,0,0,0,0
AXP,AXP160617P00052500,52.5,0.04,0,0,0,0,0,0,0,0,0
AXP,AXP160617P00053000,53,0.03,0,0,0,0,0,0,0,0,0
AXP,AXP160617P00053500,53.5,0.04,0,0,0,0,0,0,0,0,0
AXP,AXP160617P00055000,55,0.04,0,0,0,0,0,0,0,0,0
AXP,AXP160617P00056500,56.5,0.04,0,0,0,0,0,0,0,0,0
AXP,AXP160617P00057000,57,0.05,0,0,0,0,0,0,0,0,0
AXP,AXP160617P00057500,57.5,0.04,0,0,0,0,0,0,0,0,0
AXP,AXP160617P00058500,58.5,0.07,0,0,0,0,0,0,0,0,0
AXP,AXP160617P00059000,59,0.17,0,0,0,0,0,0,0,0,0
AXP,AXP160617P00060000,60,0.06,0,0,0,0,0,0,0,0,0
AXP,AXP160617P00061000,61,0.13,0,0,0,0,0,0,0,0,0
AXP,AXP160617P00061500,61.5,0.14,0,0,0,0,0,0,0,0,0
AXP,AXP160617P00062000,62,0.2,0,0,0,0,0,0,0,0,0
AXP,AXP160617P00062500,62.5,0.15,0,0,0,0,0,0,0,0,0
AXP,AXP160617P00063000,63,0.19,0,0,0,0,0,0,0,0,0
AXP,AXP160617P00063500,63.5,0.3,0,0,0,0,0,0,0,0,0
AXP,AXP160617P00064000,64,0.33,0,0,0,0,0,0,0,0,0
AXP,AXP160617P00064500,64.5,0.45,0,0,0,0,0,0,0,0,0
AXP,AXP160617P00065000,65,0.48,0,0,0,0,0,0,0,0,0
AXP,AXP160617P00065500,65.5,1.06,0,0,0,0,0,0,0,0,0
AXP,AXP160617P00066000,66,0.96,0,0,0,0,0,0,0,0,0
AXP,AXP160617P00066500,66.5,1.18,0,0,0,0,0,0,0,0,0
AXP,AXP160617P00067000,67,1.61,0,0,0,0,0,0,0,0,0
AXP,AXP160617P00067500,67.5,2.29,0,0,0,0,0,0,0,0,0
AXP,AXP160617P00070000,70,4.4,0,0,0,0,0,0,0,0,0
AXP,AXP160624P00059000,59,0.4,0,0,0,0,0,0,0,0,0
AXP,AXP160624P00059500,59.5,0.18,0,0,0,0,0,0,0,0,0
AXP,AXP160624P00060000,60,0.2,0,0,0,0,0,0,0,0,0
AXP,AXP160624P00060500,60.5,0.51,0,0,0,0,0,0,0,0,0
AXP,AXP160624P00061500,61.5,0.25,0,0,0,0,0,0,0,0,0
AXP,AXP160624P00062000,62,0.47,0,0,0,0,0,0,0,0,0
AXP,AXP160624P00062500,62.5,0.43,0,0,0,0,0,0,0,0,0
AXP,AXP160624P00063000,63,0.38,0,0,0,0,0,0,0,0,0
AXP,AXP160624P00063500,63.5,0.51,0,0,0,0,0,0,0,0,0
AXP,AXP160624P00064000,64,0.72,0,0,0,0,0,0,0,0,0
AXP,AXP160624P00064500,64.5,0.82,0,0,0,0,0,0,0,0,0
AXP,AXP160624P00065000,65,0.8,0,0,0,0,0,0,0,0,0
AXP,AXP160624P00065500,65.5,0.93,0,0,0,0,0,0,0,0,0
AXP,AXP160624P00067500,67.5,4.6,0,0,0,0,0,0,0,0,0
AXP,AXP160624P00069000,69,5.9,0,0,0,0,0,0,0,0,0
AXP,AXP160701P00054000,54,0.06,0,0,0,0,0,0,0,0,0
AXP,AXP160701P00058000,58,0.21,0,0,0,0,0,0,0,0,0
AXP,AXP160701P00058500,58.5,0.51,0,0,0,0,0,0,0,0,0
AXP,AXP160701P00059000,59,0.18,0,0,0,0,0,0,0,0,0
AXP,AXP160701P00059500,59.5,0.59,0,0,0,0,0,0,0,0,0
AXP,AXP160701P00060000,60,0.77,0,0,0,0,0,0,0,0,0
AXP,AXP160701P00060500,60.5,0.25,0,0,0,0,0,0,0,0,0
AXP,AXP160701P00061000,61,0.88,0,0,0,0,0,0,0,0,0
AXP,AXP160701P00061500,61.5,0.32,0,0,0,0,0,0,0,0,0
AXP,AXP160701P00062000,62,0.5,0,0,0,0,0,0,0,0,0
AXP,AXP160701P00062500,62.5,0.49,0,0,0,0,0,0,0,0,0
AXP,AXP160701P00063500,63.5,1.05,0,0,0,0,0,0,0,0,0
AXP,AXP160701P00064000,64,1,0,0,0,0,0,0,0,0,0
AXP,AXP160701P00064500,64.5,1.07,0,0,0,0,0,0,0,0,0
AXP,AXP160701P00065500,65.5,1.68,0,0,0,0,0,0,0,0,0
AXP,AXP160701P00066000,66,1.53,0,0,0,0,0,0,0,0,0
AXP,AXP160701P00067500,67.5,5.02,0,0,0,0,0,0,0,0,0
AXP,AXP160701P00071000,71,8.1,0,0,0,0,0,0,0,0,0
AXP,AXP160708P00061500,61.5,0.47,0,0,0,0,0,0,0,0,0
AXP,AXP160708P00063500,63.5,0.94,0,0,0,0,0,0,0,0,0
AXP,AXP160708P00064500,64.5,1.04,0,0,0,0,0,0,0,0,0
AXP,AXP160708P00065000,65,1.5,0,0,0,0,0,0,0,0,0
AXP,AXP160708P00065500,65.5,1.39,0,0,0,0,0,0,0,0,0
AXP,AXP160715P00032500,32.5,0.09,0,0,0,0,0,0,0,0,0
AXP,AXP160715P00035000,35,0.04,0,0,0,0,0,0,0,0,0
AXP,AXP160715P00037500,37.5,0.05,0,0,0,0,0,0,0,0,0
AXP,AXP160715P00040000,40,0.03,0,0,0,0,0,0,0,0,0
AXP,AXP160715P00042500,42.5,0.07,0,0,0,0,0,0,0,0,0
AXP,AXP160715P00045000,45,0.02,0,0,0,0,0,0,0,0,0
AXP,AXP160715P00047500,47.5,0.03,0,0,0,0,0,0,0,0,0
AXP,AXP160715P00050000,50,0.05,0,0,0,0,0,0,0,0,0
AXP,AXP160715P00052500,52.5,0.08,0,0,0,0,0,0,0,0,0
AXP,AXP160715P00055000,55,0.12,0,0,0,0,0,0,0,0,0
AXP,AXP160715P00057500,57.5,0.16,0,0,0,0,0,0,0,0,0
AXP,AXP160715P00060000,60,0.31,0,0,0,0,0,0,0,0,0
AXP,AXP160715P00062500,62.5,0.56,0,0,0,0,0,0,0,0,0
AXP,AXP160715P00065000,65,1.24,0,0,0,0,0,0,0,0,0
AXP,AXP160715P00067500,67.5,2.75,0,0,0,0,0,0,0,0,0
AXP,AXP160715P00070000,70,5.05,0,0,0,0,0,0,0,0,0
AXP,AXP160715P00072500,72.5,9.07,0,0,0,0,0,0,0,0,0
AXP,AXP160715P00075000,75,9.6,0,0,0,0,0,0,0,0,0
AXP,AXP160715P00077500,77.5,12.33,0,0,0,0,0,0,0,0,0
AXP,AXP160715P00080000,80,16.52,0,0,0,0,0,0,0,0,0
AXP,AXP160715P00085000,85,20.9,0,0,0,0,0,0,0,0,0
AXP,AXP160715P00090000,90,25.3,0,0,0,0,0,0,0,0,0
AXP,AXP160715P00095000,95,23.7,0.119,0.119,0.119,0.119,0.119,0.119,0.119,0.119,0.119
AXP,AXP161021P00027500,27.5,0.06,0,0,0,0,0,0,0,0,0
AXP,AXP161021P00030000,30,0.04,0,0,0,0,0,0,0,0,0
AXP,AXP161021P00032500,32.5,0.15,0,0,0,0,0,0,0,0,0
AXP,AXP161021P00035000,35,0.11,0,0,0,0,0,0,0,0,0
AXP,AXP161021P00037500,37.5,0.1,0,0,0,0,0,0,0,0,0
AXP,AXP161021P00040000,40,0.1,0,0,0,0,0,0,0,0,0
AXP,AXP161021P00042500,42.5,0.13,0,0,0,0,0,0,0,0,0
AXP,AXP161021P00045000,45,0.3,0,0,0,0,0,0,0,0,0
AXP,AXP161021P00047500,47.5,0.4,0,0,0,0,0,0,0,0,0
AXP,AXP161021P00050000,50,0.38,0,0,0,0,0,0,0,0,0
AXP,AXP161021P00052500,52.5,0.45,0,0,0,0,0,0,0,0,0
AXP,AXP161021P00055000,55,0.77,0,0,0,0,0,0,0,0,0
AXP,AXP161021P00057500,57.5,1.04,0,0,0,0,0,0,0,0,0
AXP,AXP161021P00060000,60,1.5,0,0,0,0,0,0,0,0,0
AXP,AXP161021P00062500,62.5,2.13,0,0,0,0,0,0,0,0,0
AXP,AXP161021P00065000,65,2.96,0,0,0,0,0,0,0,0,0
AXP,AXP161021P00067500,67.5,4.55,0,0,0,0,0,0,0,0,0
AXP,AXP161021P00070000,70,7.5,0,0,0,0,0,0,0,0,0
AXP,AXP161021P00072500,72.5,9,0,0,0,0,0,0,0,0,0
AXP,AXP161021P00075000,75,10.99,0,0,0,0,0,0,0,0,0
AXP,AXP161021P00080000,80,16.3,0,0,0,0,0,0,0,0,0
AXP,AXP170120P00027500,27.5,0.11,0,0,0,0,0,0,0,0,0
AXP,AXP170120P00030000,30,0.13,0,0,0,0,0,0,0,0,0
AXP,AXP170120P00032500,32.5,0.17,0,0,0,0,0,0,0,0,0
AXP,AXP170120P00035000,35,0.21,0,0,0,0,0,0,0,0,0
AXP,AXP170120P00037500,37.5,0.28,0,0,0,0,0,0,0,0,0
AXP,AXP170120P00040000,40,0.36,0,0,0,0,0,0,0,0,0
AXP,AXP170120P00042500,42.5,0.41,0,0,0,0,0,0,0,0,0
AXP,AXP170120P00045000,45,0.5,0,0,0,0,0,0,0,0,0
AXP,AXP170120P00047500,47.5,0.66,0,0,0,0,0,0,0,0,0
AXP,AXP170120P00050000,50,0.83,0,0,0,0,0,0,0,0,0
AXP,AXP170120P00052500,52.5,1.08,0,0,0,0,0,0,0,0,0
AXP,AXP170120P00055000,55,1.39,0,0,0,0,0,0,0,0,0
AXP,AXP170120P00057500,57.5,1.91,0,0,0,0,0,0,0,0,0
AXP,AXP170120P00060000,60,2.45,0,0,0,0,0,0,0,0,0
AXP,AXP170120P00062500,62.5,3.3,0,0,0,0,0,0,0,0,0
AXP,AXP170120P00065000,65,4.3,0,0,0,0,0,0,0,0,0
AXP,AXP170120P00067500,67.5,5.35,0,0,0,0,0,0,0,0,0
AXP,AXP170120P00070000,70,7.18,0,0,0,0,0,0,0,0,0
AXP,AXP170120P00072500,72.5,8.73,0,0,0,0,0,0,0,0,0
AXP,AXP170120P00075000,75,10.88,0,0,0,0,0,0,0,0,0
AXP,AXP170120P00077500,77.5,12.55,0,0,0,0,0,0,0,0,0
AXP,AXP170120P00080000,80,14.8,0,0,0,0,0,0,0,0,0
AXP,AXP170120P00082500,82.5,16.9,0,0,0,0,0,0,0,0,0
AXP,AXP170120P00085000,85,20,0,0,0,0,0,0,0,0,0
AXP,AXP170120P00087500,87.5,27.8,0,0,0,0,0,0,0,0,0
AXP,AXP170120P00090000,90,26.52,0,0,0,0,0,0,0,0,0
AXP,AXP170120P00092500,92.5,28.3,0.003,0.003,0.003,0.003,0.003,0.003,0.003,0.003,0.003
AXP,AXP170120P00095000,95,31.65,0.118,0.118,0.118,0.118,0.118,0.118,0.118,0.118,0.118
AXP,AXP170120P00097500,97.5,33.6,0.964,0.963,0.965,0.965,0.965,0.965,0.965,0.965,0.965
AXP,AXP170120P00100000,100,38.5,2.968,2.968,2.972,2.972,2.972,2.972,2.972,2.972,2.972
AXP,AXP170120P00105000,105,43.5,7.94,7.94,7.94,7.94,7.94,7.94,7.94,7.94,7.94
AXP,AXP170120P00110000,110,53.7,12.94,12.94,12.94,12.94,12.94,12.94,12.94,12.94,12.94
AXP,AXP170120P00115000,115,56.3,17.94,17.94,17.94,17.94,17.94,17.94,17.94,17.94,17.94
AXP,AXP170120P00120000,120,46.2,22.94,22.94,22.94,22.94,22.94,22.94,22.94,22.94,22.94
AXP,AXP170120P00125000,125,59.65,27.94,27.94,27.94,27.94,27.94,27.94,27.94,27.94,27.94
AXP,AXP170120P00130000,130,66.35,32.94,32.94,32.94,32.94,32.94,32.94,32.94,32.94,32.94
AXP,AXP170120P00135000,135,69.35,37.94,37.94,37.94,37.94,37.94,37.94,37.94,37.94,37.94
AXP,AXP170120P00140000,140,76.3,42.94,42.94,42.94,42.94,42.94,42.94,42.94,42.94,42.94
AXP,AXP180119P00027500,27.5,0.48,0,0,0,0,0,0,0,0,0
AXP,AXP180119P00030000,30,0.49,0,0,0,0,0,0,0,0,0
AXP,AXP180119P00032500,32.5,0.73,0,0,0,0,0,0,0,0,0
AXP,AXP180119P00035000,35,0.74,0,0,0,0,0,0,0,0,0
AXP,AXP180119P00037500,37.5,1.05,0,0,0,0,0,0,0,0,0
AXP,AXP180119P00040000,40,1.53,0,0,0,0,0,0,0,0,0
AXP,AXP180119P00042500,42.5,1.75,0,0,0,0,0,0,0,0,0
AXP,AXP180119P00045000,45,1.8,0,0,0,0,0,0,0,0,0
AXP,AXP180119P00047500,47.5,2.09,0,0,0,0,0,0,0,0,0
AXP,AXP180119P00050000,50,2.56,0,0,0,0,0,0,0,0,0
AXP,AXP180119P00052500,52.5,3.15,0,0,0,0,0,0,0,0,0
AXP,AXP180119P00055000,55,3.7,0,0,0,0,0,0,0,0,0
AXP,AXP180119P00057500,57.5,4.5,0,0,0,0,0,0,0,0,0
AXP,AXP180119P00060000,60,5.35,0,0,0,0,0,0,0,0,0
AXP,AXP180119P00062500,62.5,6.2,0,0,0,0,0,0,0,0,0
AXP,AXP180119P00065000,65,7.35,0,0,0,0,0,0,0,0,0
AXP,AXP180119P00067500,67.5,8.5,0,0,0,0,0,0,0,0,0
AXP,AXP180119P00070000,70,10,0,0,0,0,0,0,0,0,0
AXP,AXP180119P00072500,72.5,12.7,0,0,0,0,0,0,0,0,0
AXP,AXP180119P00075000,75,14.45,0,0,0,0,0,0,0,0,0
AXP,AXP180119P00077500,77.5,15.75,0,0,0,0,0,0,0,0,0
AXP,AXP180119P00080000,80,18,0,0,0,0,0,0,0,0,0
AXP,AXP180119P00082500,82.5,21.9,0,0,0,0,0,0,0,0,0
AXP,AXP180119P00085000,85,25.47,0,0,0,0,0,0,0,0,0
AXP,AXP180119P00090000,90,26.75,0,0,0,0,0,0,0,0,0
AXP,AXP180119P00095000,95,25.56,0.118,0.118,0.118,0.118,0.118,0.118,0.118,0.118,0.118
AXP,AXP180119P00100000,100,48.6,2.958,2.959,2.962,2.962,2.962,2.962,2.962,2.962,2.962
AXP,AXP180119P00105000,105,51.8,7.93,7.93,7.93,7.93,7.93,7.93,7.93,7.93,7.93
AXP,AXP180119P00115000,115,49.8,17.93,17.93,17.93,17.93,17.93,17.93,17.93,17.93,17.93
AAPL,AAPL160603P00075000,75,0.01,0,0,0,0,0,0,0,0,0
AAPL,AAPL160603P00076000,76,0.07,0,0,0,0,0,0,0,0,0
AAPL,AAPL160603P00077000,77,0.01,0,0,0,0,0,0,0,0,0
AAPL,AAPL160603P00078000,78,0.01,0,0,0,0,0,0,0,0,0
AAPL,AAPL160603P00079000,79,0.03,0,0,0,0,0,0,0,0,0
AAPL,AAPL160603P00080000,80,0.02,0,0,0,0,0,0,0,0,0
AAPL,AAPL160603P00081000,81,0.04,0,0,0,0,0,0,0,0,0
AAPL,AAPL160603P00082000,82,0.01,0,0,0,0,0,0,0,0,0
AAPL,AAPL160603P00083000,83,0.01,0,0,0,0,0,0,0,0,0
AAPL,AAPL160603P00084000,84,0.02,0,0,0,0,0,0,0,0,0
AAPL,AAPL160603P00085000,85,0.01,0,0,0,0,0,0,0,0,0
AAPL,AAPL160603P00085500,85.5,0.01,0,0,0,0,0,0,0,0,0
AAPL,AAPL160603P00086000,86,0.01,0,0,0,0,0,0,0,0,0
AAPL,AAPL160603P00086500,86.5,0.01,0,0,0,0,0,0,0,0,0
AAPL,AAPL160603P00087000,87,0.01,0,0,0,0,0,0,0,0,0
AAPL,AAPL160603P00087500,87.5,0.11,0,0,0,0,0,0,0,0,0
AAPL,AAPL160603P00088000,88,0.01,0,0,0,0,0,0,0,0,0
AAPL,AAPL160603P00088500,88.5,0.01,0,0,0,0,0,0,0,0,0
AAPL,AAPL160603P00089000,89,0.01,0,0,0,0,0,0,0,0,0
AAPL,AAPL160603P00089500,89.5,0.01,0,0,0,0,0,0,0,0,0
AAPL,AAPL160603P00090000,90,0.01,0,0,0,0,0,0,0,0,0
AAPL,AAPL160603P00090500,90.5,0.01,0,0,0,0,0,0,0,0,0
AAPL,AAPL160603P00091000,91,0.01,0,0,0,0,0,0,0,0,0
AAPL,AAPL160603P00091500,91.5,0.01,0.001,0.001,0.001,0.001,0.001,0.001,0.001,0.001,0.001
AAPL,AAPL160603P00092000,92,0.01,0.001,0.001,0.001,0.001,0.001,0.001,0.001,0.001,0.001
AAPL,AAPL160603P00092500,92.5,0.01,0.003,0.003,0.003,0.003,0.003,0.003,0.003,0.003,0.003
AAPL,AAPL160603P00093000,93,0.02,0.008,0.008,0.008,0.008,0.008,0.008,0.008,0.008,0.008
AAPL,AAPL160603P00093500,93.5,0.02,0.017,0.017,0.017,0.017,0.017,0.017,0.017,0.017,0.017
AAPL,AAPL160603P00094000,94,0.02,0.035,0.035,0.035,0.035,0.035,0.035,0.035,0.035,0.035
AAPL,AAPL160603P00094500,94.5,0.03,0.067,0.067,0.067,0.067,0.067,0.067,0.067,0.067,0.067
AAPL,AAPL160603P00095000,95,0.07,0.119,0.119,0.119,0.119,0.119,0.119,0.119,0.119,0.119
AAPL,AAPL160603P00095500,95.5,0.1,0.201,0.201,0.201,0.201,0.201,0.201,0.201,0.201,0.201
AAPL,AAPL160603P00096000,96,0.19,0.32,0.32,0.32,0.32,0.32,0.32,0.32,0.32,0.32
AAPL,AAPL160603P00096500,96.5,0.35,0.485,0.484,0.485,0.485,0.485,0.485,0.485,0.485,0.485
AAPL,AAPL160603P00097000,97,0.57,0.701,0.7,0.701,0.701,0.701,0.701,0.701,0.702,0.701
AAPL,AAPL160603P00097500,97.5,0.85,0.964,0.963,0.965,0.965,0.965,0.965,0.965,0.965,0.965
AAPL,AAPL160603P00098000,98,1.21,1.284,1.283,1.285,1.285,1.286,1.285,1.286,1.285,1.285
AAPL,AAPL160603P00098500,98.5,1.6,1.65,1.65,1.653,1.653,1.653,1.653,1.653,1.653,1.653
AAPL,AAPL160603P00099000,99,2.09,2.057,2.058,2.06,2.06,2.06,2.06,2.06,2.06,2.06
AAPL,AAPL160603P00099500,99.5,2.65,2.496,2.497,2.499,2.499,2.499,2.499,2.499,2.499,2.499
AAPL,AAPL160603P00100000,100,3,2.958,2.959,2.962,2.962,2.962,2.962,2.962,2.962,2.962
AAPL,AAPL160603P00101000,101,4.18,3.931,3.93,3.932,3.932,3.932,3.932,3.932,3.932,3.932
AAPL,AAPL160603P00102000,102,5.02,4.93,4.93,4.93,4.93,4.93,4.93,4.93,4.93,4.93
AAPL,AAPL160603P00103000,103,6.17,5.93,5.93,5.93,5.93,5.93,5.93,5.93,5.93,5.93
AAPL,AAPL160603P00104000,104,6.3,6.93,6.93,6.93,6.93,6.93,6.93,6.93,6.93,6.93
AAPL,AAPL160603P00105000,105,7.98,7.93,7.93,7.93,7.93,7.93,7.93,7.93,7.93,7.93
AAPL,AAPL160603P00106000,106,8.59,8.93,8.93,8.93,8.93,8.93,8.93,8.93,8.93,8.93
AAPL,AAPL160603P00107000,107,7.15,9.93,9.93,9.93,9.93,9.93,9.93,9.93,9.93,9.93
AAPL,AAPL160603P00108000,108,9.28,10.93,10.93,10.93,10.93,10.93,10.93,10.93,10.93,10.93
AAPL,AAPL160603P00109000,109,9.88,11.94,11.94,11.94,11.94,11.94,11.94,11.94,11.94,11.94
AAPL,AAPL160603P00110000,110,10.8,12.94,12.94,12.94,12.94,12.94,12.94,12.94,12.94,12.94
AAPL,AAPL160603P00111000,111,12.3,13.94,13.94,13.94,13.94,13.94,13.94,13.94,13.94,13.94
AAPL,AAPL160603P00112000,112,11.86,14.94,14.94,14.94,14.94,14.94,14.94,14.94,14.94,14.94
AAPL,AAPL160603P00113000,113,12.86,15.94,15.94,15.94,15.94,15.94,15.94,15.94,15.94,15.94
AAPL,AAPL160603P00114000,114,14.12,16.94,16.94,16.94,16.94,16.94,16.94,16.94,16.94,16.94
AAPL,AAPL160603P00115000,115,17.59,17.94,17.94,17.94,17.94,17.94,17.94,17.94,17.94,17.94
AAPL,AAPL160603P00116000,116,16.05,18.94,18.94,18.94,18.94,18.94,18.94,18.94,18.94,18.94
AAPL,AAPL160603P00118000,118,22,20.94,20.94,20.94,20.94,20.94,20.94,20.94,20.94,20.94
AAPL,AAPL160603P00119000,119,19.73,21.94,21.94,21.94,21.94,21.94,21.94,21.94,21.94,21.94
AAPL,AAPL160603P00120000,120,20.45,22.94,22.94,22.94,22.94,22.94,22.94,22.94,22.94,22.94
AAPL,AAPL160603P00125000,125,27.55,27.94,27.94,27.94,27.94,27.94,27.94,27.94,27.94,27.94
AAPL,AAPL160603P00140000,140,43.05,42.94,42.94,42.94,42.94,42.94,42.94,42.94,42.94,42.94
AAPL,AAPL160610P00075000,75,0.01,0,0,0,0,0,0,0,0,0
AAPL,AAPL160610P00080000,80,0.01,0,0,0,0,0,0,0,0,0
AAPL,AAPL160610P00084000,84,0.02,0,0,0,0,0,0,0,0,0
AAPL,AAPL160610P00085000,85,0.02,0,0,0,0,0,0,0,0,0
AAPL,AAPL160610P00085500,85.5,0.02,0,0,0,0,0,0,0,0,0
AAPL,AAPL160610P00086000,86,0.02,0,0,0,0,0,0,0,0,0
AAPL,AAPL160610P00086500,86.5,0.02,0,0,0,0,0,0,0,0,0
AAPL,AAPL160610P00087000,87,0.04,0,0,0,0,0,0,0,0,0
AAPL,AAPL160610P00087500,87.5,0.03,0,0,0,0,0,0,0,0,0
AAPL,AAPL160610P00088000,88,0.04,0,0,0,0,0,0,0,0,0
AAPL,AAPL160610P00088500,88.5,0.04,0,0,0,0,0,0,0,0,0
AAPL,AAPL160610P00089000,89,0.05,0,0,0,0,0,0,0,0,0
AAPL,AAPL160610P00089500,89.5,0.05,0,0,0,0,0,0,0,0,0
AAPL,AAPL160610P00090000,90,0.05,0,0,0,0,0,0,0,0,0
AAPL,AAPL160610P00090500,90.5,0.07,0,0,0,0,0,0,0,0,0
AAPL,AAPL160610P00091000,91,0.08,0,0,0,0,0,0,0,0,0
AAPL,AAPL160610P00091500,91.5,0.08,0,0,0,0,0,0,0,0,0
AAPL,AAPL160610P00092000,92,0.09,0.001,0.001,0.001,0.001,0.001,0.001,0.001,0.001,0.001
AAPL,AAPL160610P00092500,92.5,0.11,0.003,0.003,0.003,0.003,0.003,0.003,0.003,0.003,0.003
AAPL,AAPL160610P00093000,93,0.14,0.008,0.008,0.008,0.008,0.008,0.008,0.008,0.008,0.008
AAPL,AAPL160610P00093500,93.5,0.21,0.017,0.017,0.017,0.017,0.017,0.017,0.017,0.017,0.017
AAPL,AAPL160610P00094000,94,0.25,0.034,0.034,0.034,0.034,0.034,0.034,0.034,0.034,0.034
AAPL,AAPL160610P00094500,94.5,0.35,0.065,0.065,0.065,0.065,0.065,0.065,0.065,0.065,0.065
AAPL,AAPL160610P00095000,95,0.48,0.117,0.117,0.117,0.117,0.117,0.117,0.117,0.117,0.117
AAPL,AAPL160610P00095500,95.5,0.56,0.197,0.197,0.197,0.197,0.197,0.197,0.197,0.197,0.197
AAPL,AAPL160610P00096000,96,0.74,0.312,0.312,0.312,0.312,0.312,0.312,0.312,0.312,0.312
AAPL,AAPL160610P00096500,96.5,0.95,0.478,0.477,0.478,0.478,0.478,0.478,0.478,0.478,0.478
AAPL,AAPL160610P00097000,97,1.19,0.687,0.686,0.687,0.687,0.687,0.687,0.687,0.687,0.687
AAPL,AAPL160610P00097500,97.5,1.44,0.952,0.952,0.953,0.954,0.954,0.954,0.954,0.953,0.953
AAPL,AAPL160610P00098000,98,1.73,1.27,1.27,1.272,1.272,1.272,1.272,1.272,1.272,1.272
AAPL,AAPL160610P00098500,98.5,2.08,1.635,1.635,1.637,1.637,1.637,1.637,1.637,1.637,1.637
AAPL,AAPL160610P00099000,99,2.41,2.04,2.041,2.043,2.043,2.043,2.043,2.043,2.043,2.043
AAPL,AAPL160610P00099500,99.5,2.78,2.478,2.479,2.481,2.481,2.481,2.481,2.481,2.481,2.481
AAPL,AAPL160610P00100000,100,3.25,2.94,2.94,2.943,2.943,2.943,2.943,2.943,2.943,2.943
AAPL,AAPL160610P00101000,101,3.76,3.911,3.91,3.913,3.913,3.913,3.913,3.913,3.913,3.913
AAPL,AAPL160610P00102000,102,5.07,4.91,4.91,4.91,4.91,4.91,4.91,4.91,4.91,4.91
AAPL,AAPL160610P00103000,103,5.55,5.9,5.9,5.9,5.9,5.9,5.9,5.9,5.9,5.9
AAPL,AAPL160610P00104000,104,6.89,6.91,6.91,6.91,6.91,6.91,6.91,6.91,6.91,6.91
AAPL,AAPL160610P00105000,105,7.59,7.9,7.9,7.9,7.9,7.9,7.9,7.9,7.9,7.9
AAPL,AAPL160610P00106000,106,7.05,8.9,8.9,8.9,8.9,8.9,8.9,8.9,8.9,8.9
AAPL,AAPL160610P00107000,107,10.13,9.9,9.9,9.9,9.9,9.9,9.9,9.9,9.9,9.9
AAPL,AAPL160610P00108000,108,11.1,10.9,10.9,10.9,10.9,10.9,10.9,10.9,10.9,10.9
AAPL,AAPL160610P00109000,109,14,11.9,11.9,11.9,11.9,11.9,11.9,11.9,11.9,11.9
AAPL,AAPL160610P00110000,110,12.5,12.9,12.9,12.9,12.9,12.9,12.9,12.9,12.9,12.9
AAPL,AAPL160617P00010000,10,0.01,0,0,0,0,0,0,0,0,0
AAPL,AAPL160617P00040000,40,0.02,0,0,0,0,0,0,0,0,0
AAPL,AAPL160617P00045000,45,0.01,0,0,0,0,0,0,0,0,0
AAPL,AAPL160617P00050000,50,0.01,0,0,0,0,0,0,0,0,0
AAPL,AAPL160617P00055000,55,0.01,0,0,0,0,0,0,0,0,0
AAPL,AAPL160617P00060000,60,0.02,0,0,0,0,0,0,0,0,0
AAPL,AAPL160617P00065000,65,0.01,0,0,0,0,0,0,0,0,0
AAPL,AAPL160617P00070000,70,0.01,0,0,0,0,0,0,0,0,0
AAPL,AAPL160617P00075000,75,0.01,0,0,0,0,0,0,0,0,0
AAPL,AAPL160617P00076000,76,0.01,0,0,0,0,0,0,0,0,0
AAPL,AAPL160617P00078000,78,0.04,0,0,0,0,0,0,0,0,0
AAPL,AAPL160617P00079000,79,0.02,0,0,0,0,0,0,0,0,0
AAPL,AAPL160617P00080000,80,0.01,0,0,0,0,0,0,0,0,0
AAPL,AAPL160617P00081000,81,0.02,0,0,0,0,0,0,0,0,0
AAPL,AAPL160617P00082000,82,0.03,0,0,0,0,0,0,0,0,0
AAPL,AAPL160617P00082500,82.5,0.03,0,0,0,0,0,0,0,0,0
AAPL,AAPL160617P00083000,83,0.04,0,0,0,0,0,0,0,0,0
AAPL,AAPL160617P00084000,84,0.03,0,0,0,0,0,0,0,0,0
AAPL,AAPL160617P00085000,85,0.04,0,0,0,0,0,0,0,0,0
AAPL,AAPL160617P00085500,85.5,0.04,0,0,0,0,0,0,0,0,0
AAPL,AAPL160617P00086000,86,0.05,0,0,0,0,0,0,0,0,0
AAPL,AAPL160617P00086500,86.5,0.04,0,0,0,0,0,0,0,0,0
AAPL,AAPL160617P00087000,87,0.06,0,0,0,0,0,0,0,0,0
AAPL,AAPL160617P00087500,87.5,0.06,0,0,0,0,0,0,0,0,0
AAPL,AAPL160617P00088000,88,0.09,0,0,0,0,0,0,0,0,0
AAPL,AAPL160617P00088500,88.5,0.06,0,0,0,0,0,0,0,0,0
AAPL,AAPL160617P00089000,89,0.08,0,0,0,0,0,0,0,0,0
AAPL,AAPL160617P00089500,89.5,0.11,0,0,0,0,0,0,0,0,0
AAPL,AAPL160617P00090000,90,0.14,0,0,0,0,0,0,0,0,0
AAPL,AAPL160617P00090500,90.5,0.13,0,0,0,0,0,0,0,0,0
AAPL,AAPL160617P00091000,91,0.15,0,0,0,0,0,0,0,0,0
AAPL,AAPL160617P00091500,91.5,0.22,0,0,0,0,0,0,0,0,0
AAPL,AAPL160617P00092000,92,0.24,0.001,0.001,0.001,0.001,0.001,0.001,0.001,0.001,0.001
AAPL,AAPL160617P00092500,92.5,0.3,0.003,0.003,0.003,0.003,0.003,0.003,0.003,0.003,0.003
AAPL,AAPL160617P00093000,93,0.38,0.008,0.008,0.008,0.008,0.008,0.008,0.008,0.008,0.008
AAPL,AAPL160617P00093500,93.5,0.37,0.016,0.016,0.016,0.016,0.016,0.016,0.016,0.016,0.016
AAPL,AAPL160617P00094000,94,0.55,0.033,0.033,0.033,0.033,0.033,0.033,0.033,0.033,0.033
AAPL,AAPL160617P00094500,94.5,0.68,0.064,0.064,0.064,0.064,0.064,0.064,0.064,0.064,0.064
AAPL,AAPL160617P00095000,95,0.8,0.114,0.114,0.114,0.114,0.114,0.114,0.114,0.114,0.114
AAPL,AAPL160617P00095500,95.5,0.94,0.193,0.193,0.193,0.193,0.193,0.193,0.193,0.193,0.193
AAPL,AAPL160617P00096000,96,1.13,0.309,0.309,0.309,0.309,0.309,0.309,0.309,0.309,0.309
AAPL,AAPL160617P00096500,96.5,1.35,0.47,0.47,0.471,0.471,0.47,0.47,0.47,0.471,0.471
AAPL,AAPL160617P00097000,97,1.57,0.682,0.681,0.682,0.683,0.683,0.683,0.683,0.683,0.682
AAPL,AAPL160617P00097500,97.5,1.8,0.947,0.946,0.948,0.948,0.948,0.948,0.948,0.947,0.948
AAPL,AAPL160617P00098000,98,2.08,1.263,1.263,1.265,1.265,1.265,1.265,1.265,1.265,1.265
AAPL,AAPL160617P00098500,98.5,2.38,1.627,1.627,1.63,1.63,1.629,1.629,1.629,1.63,1.63
AAPL,AAPL160617P00099000,99,2.71,2.032,2.032,2.035,2.035,2.035,2.035,2.035,2.035,2.035
AAPL,AAPL160617P00099500,99.5,3.08,2.469,2.47,2.472,2.472,2.472,2.472,2.472,2.472,2.472
AAPL,AAPL160617P00100000,100,3.5,2.93,2.931,2.934,2.934,2.934,2.934,2.934,2.934,2.934
AAPL,AAPL160617P00101000,101,3.91,3.901,3.9,3.903,3.903,3.903,3.903,3.903,3.903,3.903
AAPL,AAPL160617P00102000,102,4.8,4.9,4.9,4.9,4.9,4.9,4.9,4.9,4.9,4.9
AAPL,AAPL160617P00103000,103,6.05,5.9,5.9,5.9,5.9,5.9,5.9,5.9,5.9,5.9
AAPL,AAPL160617P00104000,104,7.25,6.9,6.9,6.9,6.9,6.9,6.9,6.9,6.9,6.9
AAPL,AAPL160617P00105000,105,8.1,7.9,7.9,7.9,7.9,7.9,7.9,7.9,7.9,7.9
AAPL,AAPL160617P00106000,106,8.88,8.9,8.9,8.9,8.9,8.9,8.9,8.9,8.9,8.9
AAPL,AAPL160617P00107000,107,7.83,9.9,9.9,9.9,9.9,9.9,9.9,9.9,9.9,9.9
AAPL,AAPL160617P00108000,108,10.93,10.9,10.9,10.9,10.9,10.9,10.9,10.9,10.9,10.9
AAPL,AAPL160617P00109000,109,8.51,11.9,11.9,11.9,11.9,11.9,11.9,11.9,11.9,11.9
AAPL,AAPL160617P00110000,110,12.48,12.9,12.9,12.9,12.9,12.9,12.9,12.9,12.9,12.9
AAPL,AAPL160617P00111000,111,11.57,13.91,13.91,13.91,13.91,13.91,13.91,13.91,13.91,13.91
AAPL,AAPL160617P00112000,112,13.1,14.91,14.91,14.91,14.91,14.91,14.91,14.91,14.91,14.91
AAPL,AAPL160617P00114000,114,14.5,16.9,16.9,16.9,16.9,16.9,16.9,16.9,16.9,16.9
AAPL,AAPL160617P00115000,115,17.4,17.9,17.9,17.9,17.9,17.9,17.9,17.9,17.9,17.9
AAPL,AAPL160617P00116000,116,16,18.9,18.9,18.9,18.9,18.9,18.9,18.9,18.9,18.9
AAPL,AAPL160617P00117000,117,16.95,19.9,19.9,19.9,19.9,19.9,19.9,19.9,19.9,19.9
AAPL,AAPL160617P00120000,120,22.15,22.9,22.9,22.9,22.9,22.9,22.9,22.9,22.9,22.9
AAPL,AAPL160617P00125000,125,27.85,27.9,27.9,27.9,27.9,27.9,27.9,27.9,27.9,27.9
AAPL,AAPL160617P00130000,130,30.26,32.9,32.9,32.9,32.9,32.9,32.9,32.9,32.9,32.9
AAPL,AAPL160617P00135000,135,36.01,37.9,37.9,37.9,37.9,37.9,37.9,37.9,37.9,37.9
AAPL,AAPL160617P00140000,140,41.05,42.91,42.91,42.91,42.91,42.91,42.91,42.91,42.91,42.91
AAPL,AAPL160617P00145000,145,55.02,47.9,47.9,47.9,47.9,47.9,47.9,47.9,47.9,47.9
AAPL,AAPL160617P00150000,150,56.8,52.92,52.92,52.92,52.92,52.92,52.92,52.92,52.92,52.92
AAPL,AAPL160617P00155000,155,50.3,57.92,57.92,57.92,57.92,57.92,57.92,57.92,57.92,57.92
AAPL,AAPL160617P00160000,160,48.83,62.92,62.92,62.92,62.92,62.92,62.92,62.92,62.92,62.92
AAPL,AAPL160617P00165000,165,56.75,67.92,67.92,67.92,67.92,67.92,67.92,67.92,67.92,67.92
AAPL,AAPL160617P00170000,170,69.57,72.92,72.92,72.92,72.92,72.92,72.92,72.92,72.92,72.92
AAPL,AAPL160617P00175000,175,64.25,77.92,77.92,77.92,77.92,77.92,77.92,77.92,77.92,77.92
AAPL,AAPL160617P00180000,180,85.59,82.92,82.92,82.92,82.92,82.92,82.92,82.92,82.92,82.92
AAPL,AAPL160617P00185000,185,56.65,87.92,87.92,87.92,87.92,87.92,87.92,87.92,87.92,87.92
AAPL,AAPL160617P00195000,195,94.8,97.92,97.92,97.92,97.92,97.92,97.92,97.92,97.92,97.92
AAPL,AAPL160617P00200000,200,103.15,102.92,102.92,102.92,102.92,102.92,102.92,102.92,102.92,102.92
AAPL,AAPL160617P00220000,220,119.8,122.92,122.92,122.92,122.92,122.92,122.92,122.92,122.92,122.92
AAPL,AAPL160624P00075000,75,0.03,0,0,0,0,0,0,0,0,0
AAPL,AAPL160624P00077500,77.5,0.08,0,0,0,0,0,0,0,0,0
AAPL,AAPL160624P00080000,80,0.04,0,0,0,0,0,0,0,0,0
AAPL,AAPL160624P00082500,82.5,0.05,0,0,0,0,0,0,0,0,0
AAPL,AAPL160624P00084000,84,0.06,0,0,0,0,0,0,0,0,0
AAPL,AAPL160624P00085000,85,0.07,0,0,0,0,0,0,0,0,0
AAPL,AAPL160624P00085500,85.5,0.09,0,0,0,0,0,0,0,0,0
AAPL,AAPL160624P00086000,86,0.07,0,0,0,0,0,0,0,0,0
AAPL,AAPL160624P00086500,86.5,0.09,0,0,0,0,0,0,0,0,0
AAPL,AAPL160624P00087000,87,0.13,0,0,0,0,0,0,0,0,0
AAPL,AAPL160624P00087500,87.5,0.21,0,0,0,0,0,0,0,0,0
AAPL,AAPL160624P00088000,88,0.13,0,0,0,0,0,0,0,0,0
AAPL,AAPL160624P00088500,88.5,0.14,0,0,0,0,0,0,0,0,0
AAPL,AAPL160624P00089000,89,0.17,0,0,0,0,0,0,0,0,0
AAPL,AAPL160624P00089500,89.5,0.18,0,0,0,0,0,0,0,0,0
AAPL,AAPL160624P00090000,90,0.22,0,0,0,0,0,0,0,0,0
AAPL,AAPL160624P00090500,90.5,0.28,0,0,0,0,0,0,0,0,0
AAPL,AAPL160624P00091000,91,0.27,0,0,0,0,0,0,0,0,0
AAPL,AAPL160624P00091500,91.5,0.34,0.001,0,0,0,0,0,0,0,0
AAPL,AAPL160624P00092000,92,0.39,0.001,0.001,0.001,0.001,0.001,0.001,0.001,0.001,0.001
AAPL,AAPL160624P00092500,92.5,0.52,0.003,0.003,0.003,0.003,0.003,0.003,0.003,0.003,0.003
AAPL,AAPL160624P00093000,93,0.61,0.008,0.008,0.008,0.008,0.008,0.008,0.008,0.008,0.008
AAPL,AAPL160624P00093500,93.5,0.61,0.017,0.017,0.017,0.017,0.017,0.017,0.017,0.017,0.017
AAPL,AAPL160624P00094000,94,0.83,0.035,0.035,0.035,0.035,0.035,0.035,0.035,0.035,0.035
AAPL,AAPL160624P00094500,94.5,0.95,0.066,0.066,0.066,0.066,0.066,0.066,0.066,0.066,0.066
AAPL,AAPL160624P00095000,95,1.11,0.118,0.118,0.118,0.118,0.118,0.118,0.118,0.118,0.118
AAPL,AAPL160624P00095500,95.5,1.2,0.199,0.199,0.199,0.199,0.199,0.199,0.199,0.199,0.199
AAPL,AAPL160624P00096000,96,1.47,0.317,0.317,0.317,0.318,0.318,0.317,0.318,0.317,0.317
AAPL,AAPL160624P00096500,96.5,1.35,0.481,0.481,0.482,0.481,0.482,0.481,0.482,0.482,0.482
AAPL,AAPL160624P00097000,97,1.89,0.696,0.695,0.697,0.697,0.696,0.697,0.696,0.697,0.697
AAPL,AAPL160624P00097500,97.5,2.15,0.964,0.963,0.965,0.965,0.965,0.965,0.965,0.965,0.965
AAPL,AAPL160624P00098000,98,2.26,1.284,1.283,1.285,1.285,1.286,1.285,1.286,1.285,1.285
AAPL,AAPL160624P00098500,98.5,2.4,1.643,1.643,1.645,1.645,1.645,1.645,1.645,1.645,1.645
AAPL,AAPL160624P00099000,99,2.83,2.049,2.049,2.052,2.052,2.052,2.052,2.052,2.052,2.052
AAPL,AAPL160624P00099500,99.5,3.1,2.487,2.488,2.49,2.49,2.49,2.49,2.49,2.49,2.49
AAPL,AAPL160624P00100000,100,3.6,2.949,2.949,2.953,2.953,2.953,2.953,2.953,2.953,2.953
AAPL,AAPL160624P00101000,101,4.06,3.921,3.92,3.922,3.922,3.922,3.922,3.922,3.922,3.922
AAPL,AAPL160624P00102000,102,5.5,4.92,4.92,4.92,4.92,4.92,4.92,4.92,4.92,4.92
AAPL,AAPL160624P00103000,103,6,5.92,5.92,5.92,5.92,5.92,5.92,5.92,5.92,5.92
AAPL,AAPL160624P00104000,104,5.2,6.92,6.92,6.92,6.92,6.92,6.92,6.92,6.92,6.92
AAPL,AAPL160624P00105000,105,7.81,7.92,7.92,7.92,7.92,7.92,7.92,7.92,7.92,7.92
AAPL,AAPL160624P00110000,110,10.95,12.92,12.92,12.92,12.92,12.92,12.92,12.92,12.92,12.92
AAPL,AAPL160701P00075000,75,0.06,0,0,0,0,0,0,0,0,0
AAPL,AAPL160701P00080000,80,0.05,0,0,0,0,0,0,0,0,0
AAPL,AAPL160701P00084000,84,0.1,0,0,0,0,0,0,0,0,0
AAPL,AAPL160701P00085000,85,0.1,0,0,0,0,0,0,0,0,0
AAPL,AAPL160701P00085500,85.5,0.16,0,0,0,0,0,0,0,0,0
AAPL,AAPL160701P00086000,86,0.14,0,0,0,0,0,0,0,0,0
AAPL,AAPL160701P00086500,86.5,0.15,0,0,0,0,0,0,0,0,0
AAPL,AAPL160701P00087000,87,0.16,0,0,0,0,0,0,0,0,0
AAPL,AAPL160701P00087500,87.5,0.21,0,0,0,0,0,0,0,0,0
AAPL,AAPL160701P00088000,88,0.21,0,0,0,0,0,0,0,0,0
AAPL,AAPL160701P00088500,88.5,0.16,0,0,0,0,0,0,0,0,0
AAPL,AAPL160701P00089000,89,0.2,0,0,0,0,0,0,0,0,0
AAPL,AAPL160701P00089500,89.5,0.24,0,0,0,0,0,0,0,0,0
AAPL,AAPL160701P00090000,90,0.29,0,0,0,0,0,0,0,0,0
AAPL,AAPL160701P00090500,90.5,0.41,0,0,0,0,0,0,0,0,0
AAPL,AAPL160701P00091000,91,0.51,0,0,0,0,0,0,0,0,0
AAPL,AAPL160701P00091500,91.5,0.57,0.001,0.001,0.001,0.001,0.001,0,0.001,0.001,0.001
AAPL,AAPL160701P00092000,92,0.64,0.001,0.001,0.001,0.001,0.001,0.001,0.001,0.001,0.001
AAPL,AAPL160701P00092500,92.5,0.65,0.003,0.003,0.003,0.003,0.003,0.003,0.003,0.003,0.003
AAPL,AAPL160701P00093000,93,0.85,0.008,0.008,0.008,0.008,0.008,0.008,0.008,0.008,0.008
AAPL,AAPL160701P00093500,93.5,0.87,0.017,0.017,0.017,0.017,0.017,0.017,0.017,0.017,0.017
AAPL,AAPL160701P00094000,94,1.03,0.035,0.035,0.035,0.035,0.035,0.035,0.035,0.035,0.035
AAPL,AAPL160701P00094500,94.5,1.03,0.066,0.066,0.066,0.066,0.066,0.066,0.066,0.066,0.066
AAPL,AAPL160701P00095000,95,1.4,0.118,0.118,0.118,0.118,0.118,0.118,0.118,0.118,0.118
AAPL,AAPL160701P00095500,95.5,1.33,0.203,0.202,0.203,0.203,0.203,0.203,0.203,0.203,0.203
AAPL,AAPL160701P00096000,96,1.79,0.323,0.322,0.323,0.323,0.323,0.323,0.323,0.323,0.323
AAPL,AAPL160701P00096500,96.5,1.77,0.489,0.488,0.489,0.489,0.489,0.489,0.489,0.489,0.489
AAPL,AAPL160701P00097000,97,2.24,0.706,0.705,0.706,0.706,0.706,0.706,0.706,0.706,0.706
AAPL,AAPL160701P00097500,97.5,2.48,0.982,0.981,0.983,0.983,0.982,0.982,0.982,0.983,0.983
AAPL,AAPL160701P00098000,98,2.73,1.304,1.304,1.306,1.306,1.306,1.306,1.306,1.306,1.306
AAPL,AAPL160701P00098500,98.5,3,1.674,1.674,1.676,1.676,1.676,1.676,1.676,1.676,1.676
AAPL,AAPL160701P00099000,99,3.35,2.083,2.083,2.085,2.085,2.086,2.085,2.086,2.086,2.086
AAPL,AAPL160701P00099500,99.5,3.17,2.523,2.524,2.526,2.526,2.526,2.526,2.526,2.526,2.526
AAPL,AAPL160701P00100000,100,3.47,2.987,2.987,2.99,2.991,2.991,2.991,2.991,2.99,2.99
AAPL,AAPL160701P00101000,101,4.7,3.96,3.96,3.962,3.962,3.962,3.962,3.962,3.962,3.962
AAPL,AAPL160701P00102000,102,3.6,4.95,4.95,4.95,4.95,4.95,4.95,4.95,4.95,4.95
AAPL,AAPL160701P00103000,103,5,5.95,5.95,5.95,5.95,5.95,5.95,5.95,5.95,5.95
AAPL,AAPL160701P00105000,105,5.72,7.95,7.95,7.95,7.95,7.95,7.95,7.95,7.95,7.95
AAPL,AAPL160701P00110000,110,10.5,12.95,12.95,12.95,12.95,12.95,12.95,12.95,12.95,12.95
AAPL,AAPL160708P00085000,85,0.17,0,0,0,0,0,0,0,0,0
AAPL,AAPL160708P00090000,90,0.47,0,0,0,0,0,0,0,0,0
AAPL,AAPL160708P00090500,90.5,0.55,0,0,0,0,0,0,0,0,0
AAPL,AAPL160708P00091000,91,0.6,0,0,0,0,0,0,0,0,0
AAPL,AAPL160708P00091500,91.5,0.42,0.001,0.001,0.001,0.001,0.001,0.001,0.001,0.001,0.001
AAPL,AAPL160708P00092000,92,0.71,0.001,0.001,0.001,0.001,0.001,0.001,0.001,0.001,0.001
AAPL,AAPL160708P00092500,92.5,0.81,0.003,0.003,0.003,0.003,0.003,0.003,0.003,0.003,0.003
AAPL,AAPL160708P00093000,93,1.05,0.008,0.008,0.008,0.008,0.008,0.008,0.008,0.008,0.008
AAPL,AAPL160708P00093500,93.5,1.04,0.017,0.017,0.017,0.017,0.017,0.017,0.017,0.017,0.017
AAPL,AAPL160708P00094000,94,1.16,0.035,0.035,0.035,0.035,0.035,0.035,0.035,0.035,0.035
AAPL,AAPL160708P00094500,94.5,1.03,0.066,0.066,0.066,0.066,0.066,0.066,0.066,0.066,0.066
AAPL,AAPL160708P00095000,95,1.62,0.118,0.118,0.118,0.118,0.118,0.118,0.118,0.118,0.118
AAPL,AAPL160708P00095500,95.5,1.56,0.199,0.199,0.199,0.199,0.199,0.199,0.199,0.199,0.199
AAPL,AAPL160708P00096000,96,1.98,0.317,0.317,0.317,0.318,0.318,0.317,0.318,0.317,0.317
AAPL,AAPL160708P00096500,96.5,2.27,0.481,0.481,0.482,0.481,0.482,0.481,0.482,0.482,0.482
AAPL,AAPL160708P00097000,97,2.44,0.696,0.695,0.697,0.697,0.696,0.697,0.696,0.697,0.697
AAPL,AAPL160708P00097500,97.5,2.41,0.964,0.963,0.965,0.965,0.965,0.965,0.965,0.965,0.965
AAPL,AAPL160708P00098000,98,2.65,1.284,1.283,1.285,1.285,1.286,1.285,1.286,1.285,1.285
AAPL,AAPL160708P00098500,98.5,2.93,1.65,1.65,1.653,1.653,1.653,1.653,1.653,1.653,1.653
AAPL,AAPL160708P00099000,99,3.28,2.057,2.058,2.06,2.06,2.06,2.06,2.06,2.06,2.06
AAPL,AAPL160708P00099500,99.5,2.97,2.496,2.497,2.499,2.499,2.499,2.499,2.499,2.499,2.499
AAPL,AAPL160708P00100000,100,3.84,2.958,2.959,2.962,2.962,2.962,2.962,2.962,2.962,2.962
AAPL,AAPL160708P00101000,101,4.55,3.931,3.93,3.932,3.932,3.932,3.932,3.932,3.932,3.932
AAPL,AAPL160708P00102000,102,4.09,4.93,4.93,4.93,4.93,4.93,4.93,4.93,4.93,4.93
AAPL,AAPL160708P00103000,103,6.1,5.93,5.93,5.93,5.93,5.93,5.93,5.93,5.93,5.93
AAPL,AAPL160708P00104000,104,5.18,6.93,6.93,6.93,6.93,6.93,6.93,6.93,6.93,6.93
AAPL,AAPL160708P00105000,105,5.66,7.93,7.93,7.93,7.93,7.93,7.93,7.93,7.93,7.93
AAPL,AAPL160708P00106000,106,8.78,8.93,8.93,8.93,8.93,8.93,8.93,8.93,8.93,8.93
AAPL,AAPL160708P00107000,107,9.72,9.93,9.93,9.93,9.93,9.93,9.93,9.93,9.93,9.93
AAPL,AAPL160708P00108000,108,7.83,10.94,10.94,10.94,10.94,10.94,10.94,10.94,10.94,10.94
AAPL,AAPL160708P00110000,110,10.4,12.94,12.94,12.94,12.94,12.94,12.94,12.94,12.94,12.94
AAPL,AAPL160708P00111000,111,12.35,13.94,13.94,13.94,13.94,13.94,13.94,13.94,13.94,13.94
AAPL,AAPL160708P00112000,112,11.97,14.94,14.94,14.94,14.94,14.94,14.94,14.94,14.94,14.94
AAPL,AAPL160708P00113000,113,13.96,15.94,15.94,15.94,15.94,15.94,15.94,15.94,15.94,15.94
AAPL,AAPL160715P00050000,50,0.02,0,0,0,0,0,0,0,0,0
AAPL,AAPL160715P00055000,55,0.01,0,0,0,0,0,0,0,0,0
AAPL,AAPL160715P00060000,60,0.02,0,0,0,0,0,0,0,0,0
AAPL,AAPL160715P00065000,65,0.01,0,0,0,0,0,0,0,0,0
AAPL,AAPL160715P00070000,70,0.03,0,0,0,0,0,0,0,0,0
AAPL,AAPL160715P00075000,75,0.06,0,0,0,0,0,0,0,0,0
AAPL,AAPL160715P00080000,80,0.11,0,0,0,0,0,0,0,0,0
AAPL,AAPL160715P00082500,82.5,0.15,0,0,0,0,0,0,0,0,0
AAPL,AAPL160715P00085000,85,0.25,0,0,0,0,0,0,0,0,0
AAPL,AAPL160715P00087500,87.5,0.4,0,0,0,0,0,0,0,0,0
AAPL,AAPL160715P00090000,90,0.67,0,0,0,0,0,0,0,0,0
AAPL,AAPL160715P00092500,92.5,1.13,0.003,0.003,0.003,0.003,0.003,0.003,0.003,0.003,0.003
AAPL,AAPL160715P00095000,95,1.86,0.118,0.118,0.118,0.118,0.118,0.118,0.118,0.118,0.118
AAPL,AAPL160715P00097500,97.5,2.97,0.964,0.963,0.965,0.965,0.965,0.965,0.965,0.965,0.965
AAPL,AAPL160715P00100000,100,4.46,2.958,2.959,2.962,2.962,2.962,2.962,2.962,2.962,2.962
AAPL,AAPL160715P00105000,105,8.35,7.93,7.93,7.93,7.93,7.93,7.93,7.93,7.93,7.93
AAPL,AAPL160715P00110000,110,12.7,12.93,12.93,12.93,12.93,12.93,12.93,12.93,12.93,12.93
AAPL,AAPL160715P00115000,115,16.1,17.93,17.93,17.93,17.93,17.93,17.93,17.93,17.93,17.93
AAPL,AAPL160715P00120000,120,23.19,22.93,22.93,22.93,22.93,22.93,22.93,22.93,22.93,22.93
AAPL,AAPL160715P00125000,125,25.5,27.93,27.93,27.93,27.93,27.93,27.93,27.93,27.93,27.93
AAPL,AAPL160715P00130000,130,30,32.93,32.93,32.93,32.93,32.93,32.93,32.93,32.93,32.93
AAPL,AAPL160715P00135000,135,42.09,37.93,37.93,37.93,37.93,37.93,37.93,37.93,37.93,37.93
AAPL,AAPL160715P00140000,140,42.9,42.93,42.93,42.93,42.93,42.93,42.93,42.93,42.93,42.93
AAPL,AAPL160715P00145000,145,50.65,47.93,47.93,47.93,47.93,47.93,47.93,47.93,47.93,47.93
AAPL,AAPL160715P00150000,150,53.4,52.93,52.93,52.93,52.93,52.93,52.93,52.93,52.93,52.93
AAPL,AAPL160715P00155000,155,57.9,57.93,57.93,57.93,57.93,57.93,57.93,57.93,57.93,57.93
AAPL,AAPL160715P00160000,160,60.43,62.93,62.93,62.93,62.93,62.93,62.93,62.93,62.93,62.93
AAPL,AAPL160715P00165000,165,67,67.93,67.93,67.93,67.93,67.93,67.93,67.93,67.93,67.93
AAPL,AAPL160715P00170000,170,59.75,72.93,72.93,72.93,72.93,72.93,72.93,72.93,72.93,72.93
AAPL,AAPL160715P00175000,175,59,77.93,77.93,77.93,77.93,77.93,77.93,77.93,77.93,77.93
AAPL,AAPL160715P00180000,180,86.05,82.93,82.93,82.93,82.93,82.93,82.93,82.93,82.93,82.93
AAPL,AAPL160819P00045000,45,0.02,0,0,0,0,0,0,0,0,0
AAPL,AAPL160819P00050000,50,0.02,0,0,0,0,0,0,0,0,0
AAPL,AAPL160819P00055000,55,0.03,0,0,0,0,0,0,0,0,0
AAPL,AAPL160819P00060000,60,0.05,0,0,0,0,0,0,0,0,0
AAPL,AAPL160819P00065000,65,0.06,0,0,0,0,0,0,0,0,0
AAPL,AAPL160819P00070000,70,0.11,0,0,0,0,0,0,0,0,0
AAPL,AAPL160819P00075000,75,0.22,0,0,0,0,0,0,0,0,0
AAPL,AAPL160819P00080000,80,0.42,0,0,0,0,0,0,0,0,0
AAPL,AAPL160819P00082500,82.5,0.58,0,0,0,0,0,0,0,0,0
AAPL,AAPL160819P00085000,85,0.9,0,0,0,0,0,0,0,0,0
AAPL,AAPL160819P00087500,87.5,1.29,0,0,0,0,0,0,0,0,0
AAPL,AAPL160819P00090000,90,1.84,0,0,0,0,0,0,0,0,0
AAPL,AAPL160819P00092500,92.5,2.58,0.004,0.004,0.004,0.004,0.004,0.004,0.004,0.004,0.004
AAPL,AAPL160819P00095000,95,3.55,0.122,0.122,0.122,0.122,0.122,0.122,0.122,0.122,0.122
AAPL,AAPL160819P00097500,97.5,4.78,0.982,0.981,0.983,0.983,0.982,0.982,0.982,0.983,0.983
AAPL,AAPL160819P00100000,100,6.15,2.987,2.987,2.99,2.991,2.991,2.991,2.991,2.99,2.99
AAPL,AAPL160819P00105000,105,9.9,7.96,7.96,7.96,7.96,7.96,7.96,7.96,7.96,7.96
AAPL,AAPL160819P00110000,110,14.1,12.96,12.96,12.96,12.96,12.96,12.96,12.96,12.96,12.96
AAPL,AAPL160819P00115000,115,18.3,17.96,17.96,17.96,17.96,17.96,17.96,17.96,17.96,17.96
AAPL,AAPL160819P00120000,120,23.54,22.96,22.96,22.96,22.96,22.96,22.96,22.96,22.96,22.96
AAPL,AAPL160819P00125000,125,28.53,27.96,27.96,27.96,27.96,27.96,27.96,27.96,27.96,27.96
AAPL,AAPL160819P00130000,130,30.85,32.97,32.97,32.97,32.97,32.97,32.97,32.97,32.97,32.97
AAPL,AAPL160819P00135000,135,42.25,37.96,37.96,37.96,37.96,37.96,37.96,37.96,37.96,37.96
AAPL,AAPL160819P00150000,150,56.95,52.96,52.96,52.96,52.96,52.96,52.96,52.96,52.96,52.96
AAPL,AAPL160819P00180000,180,87,82.96,82.96,82.96,82.96,82.96,82.96,82.96,82.96,82.96
AAPL,AAPL160819P00200000,200,106.3,102.96,102.96,102.96,102.96,102.96,102.96,102.96,102.96,102.96
AAPL,AAPL160819P00205000,205,105.2,107.96,107.96,107.96,107.96,107.96,107.96,107.96,107.96,107.96
AAPL,AAPL160916P00050000,50,0.04,0,0,0,0,0,0,0,0,0
AAPL,AAPL160916P00055000,55,0.05,0,0,0,0,0,0,0,0,0
AAPL,AAPL160916P00060000,60,0.08,0,0,0,0,0,0,0,0,0
AAPL,AAPL160916P00065000,65,0.13,0,0,0,0,0,0,0,0,0
AAPL,AAPL160916P00070000,70,0.19,0,0,0,0,0,0,0,0,0
AAPL,AAPL160916P00075000,75,0.37,0,0,0,0,0,0,0,0,0
AAPL,AAPL160916P00080000,80,0.66,0,0,0,0,0,0,0,0,0
AAPL,AAPL160916P00085000,85,1.28,0,0,0,0,0,0,0,0,0
AAPL,AAPL160916P00087500,87.5,1.75,0,0,0,0,0,0,0,0,0
AAPL,AAPL160916P00090000,90,2.4,0,0,0,0,0,0,0,0,0
AAPL,AAPL160916P00092500,92.5,3.2,0.004,0.004,0.004,0.004,0.004,0.004,0.004,0.004,0.004
AAPL,AAPL160916P00095000,95,4.17,0.122,0.122,0.122,0.122,0.122,0.122,0.122,0.122,0.122
AAPL,AAPL160916P00097500,97.5,5.4,0.982,0.981,0.983,0.983,0.982,0.982,0.982,0.983,0.983
AAPL,AAPL160916P00100000,100,6.9,2.987,2.987,2.99,2.991,2.991,2.991,2.991,2.99,2.99
AAPL,AAPL160916P00105000,105,9.8,7.96,7.96,7.96,7.96,7.96,7.96,7.96,7.96,7.96
AAPL,AAPL160916P00110000,110,14.4,12.96,12.96,12.96,12.96,12.96,12.96,12.96,12.96,12.96
AAPL,AAPL160916P00115000,115,16.25,17.96,17.96,17.96,17.96,17.96,17.96,17.96,17.96,17.96
AAPL,AAPL160916P00120000,120,21.6,22.95,22.95,22.95,22.95,22.95,22.95,22.95,22.95,22.95
AAPL,AAPL161021P00050000,50,0.05,0,0,0,0,0,0,0,0,0
AAPL,AAPL161021P00055000,55,0.1,0,0,0,0,0,0,0,0,0
AAPL,AAPL161021P00060000,60,0.15,0,0,0,0,0,0,0,0,0
AAPL,AAPL161021P00065000,65,0.24,0,0,0,0,0,0,0,0,0
AAPL,AAPL161021P00070000,70,0.37,0,0,0,0,0,0,0,0,0
AAPL,AAPL161021P00075000,75,0.63,0,0,0,0,0,0,0,0,0
AAPL,AAPL161021P00080000,80,1.05,0,0,0,0,0,0,0,0,0
AAPL,AAPL161021P00082500,82.5,1.38,0,0,0,0,0,0,0,0,0
AAPL,AAPL161021P00085000,85,1.81,0,0,0,0,0,0,0,0,0
AAPL,AAPL161021P00087500,87.5,2.29,0,0,0,0,0,0,0,0,0
AAPL,AAPL161021P00090000,90,3.05,0,0,0,0,0,0,0,0,0
AAPL,AAPL161021P00092500,92.5,3.72,0.004,0.004,0.004,0.004,0.004,0.004,0.004,0.004,0.004
AAPL,AAPL161021P00095000,95,4.92,0.122,0.122,0.122,0.122,0.122,0.122,0.122,0.122,0.122
AAPL,AAPL161021P00097500,97.5,6.01,0.982,0.981,0.983,0.983,0.982,0.982,0.982,0.983,0.983
AAPL,AAPL161021P00100000,100,7.55,2.987,2.987,2.99,2.991,2.991,2.991,2.991,2.99,2.99
AAPL,AAPL161021P00105000,105,11,7.96,7.96,7.96,7.96,7.96,7.96,7.96,7.96,7.96
AAPL,AAPL161021P00110000,110,13.15,12.96,12.96,12.96,12.96,12.96,12.96,12.96,12.96,12.96
AAPL,AAPL161021P00115000,115,19.15,17.96,17.96,17.96,17.96,17.96,17.96,17.96,17.96,17.96
AAPL,AAPL161021P00120000,120,23.75,22.96,22.96,22.96,22.96,22.96,22.96,22.96,22.96,22.96
AAPL,AAPL161021P00125000,125,26,27.96,27.96,27.96,27.96,27.96,27.96,27.96,27.96,27.96
AAPL,AAPL161021P00130000,130,30.67,32.96,32.96,32.96,32.96,32.96,32.96,32.96,32.96,32.96
AAPL,AAPL161021P00135000,135,42.13,37.96,37.96,37.96,37.96,37.96,37.96,37.96,37.96,37.96
AAPL,AAPL161021P00140000,140,40.93,42.96,42.96,42.96,42.96,42.96,42.96,42.96,42.96,42.96
AAPL,AAPL161021P00145000,145,52.66,47.96,47.96,47.96,47.96,47.96,47.96,47.96,47.96,47.96
AAPL,AAPL161021P00150000,150,46.1,52.96,52.96,52.96,52.96,52.96,52.96,52.96,52.96,52.96
AAPL,AAPL161021P00155000,155,48.05,57.96,57.96,57.96,57.96,57.96,57.96,57.96,57.96,57.96
AAPL,AAPL161021P00160000,160,54.63,62.96,62.96,62.96,62.96,62.96,62.96,62.96,62.96,62.96
AAPL,AAPL161021P00165000,165,53.99,67.96,67.96,67.96,67.96,67.96,67.96,67.96,67.96,67.96
AAPL,AAPL161021P00175000,175,65.35,77.96,77.96,77.96,77.96,77.96,77.96,77.96,77.96,77.96
AAPL,AAPL161021P00190000,190,92.25,92.96,92.96,92.96,92.96,92.96,92.96,92.96,92.96,92.96
AAPL,AAPL161021P00195000,195,97.3,97.96,97.96,97.96,97.96,97.96,97.96,97.96,97.96,97.96
AAPL,AAPL170120P00015000,15,0.02,0,0,0,0,0,0,0,0,0
AAPL,AAPL170120P00017500,17.5,0.01,0,0,0,0,0,0,0,0,0
AAPL,AAPL170120P00020000,20,0.02,0,0,0,0,0,0,0,0,0
AAPL,AAPL170120P00022500,22.5,0.02,0,0,0,0,0,0,0,0,0
AAPL,AAPL170120P00025000,25,0.02,0,0,0,0,0,0,0,0,0
AAPL,AAPL170120P00030000,30,0.06,0,0,0,0,0,0,0,0,0
AAPL,AAPL170120P00035000,35,0.07,0,0,0,0,0,0,0,0,0
AAPL,AAPL170120P00040000,40,0.1,0,0,0,0,0,0,0,0,0
AAPL,AAPL170120P00045000,45,0.14,0,0,0,0,0,0,0,0,0
AAPL,AAPL170120P00047500,47.5,0.18,0,0,0,0,0,0,0,0,0
AAPL,AAPL170120P00050000,50,0.21,0,0,0,0,0,0,0,0,0
AAPL,AAPL170120P00055000,55,0.3,0,0,0,0,0,0,0,0,0
AAPL,AAPL170120P00060000,60,0.43,0,0,0,0,0,0,0,0,0
AAPL,AAPL170120P00065000,65,0.65,0,0,0,0,0,0,0,0,0
AAPL,AAPL170120P00070000,70,0.97,0,0,0,0,0,0,0,0,0
AAPL,AAPL170120P00075000,75,1.45,0,0,0,0,0,0,0,0,0
AAPL,AAPL170120P00080000,80,2.24,0,0,0,0,0,0,0,0,0
AAPL,AAPL170120P00082500,82.5,2.66,0,0,0,0,0,0,0,0,0
AAPL,AAPL170120P00085000,85,3.35,0,0,0,0,0,0,0,0,0
AAPL,AAPL170120P00087500,87.5,4.05,0,0,0,0,0,0,0,0,0
AAPL,AAPL170120P00090000,90,4.9,0,0,0,0,0,0,0,0,0
AAPL,AAPL170120P00092500,92.5,5.89,0.004,0.004,0.004,0.004,0.004,0.004,0.004,0.004,0.004
AAPL,AAPL170120P00095000,95,6.87,0.122,0.122,0.122,0.122,0.122,0.122,0.122,0.122,0.122
AAPL,AAPL170120P00097500,97.5,8.22,0.982,0.981,0.983,0.983,0.982,0.982,0.982,0.983,0.983
AAPL,AAPL170120P00100000,100,9.6,2.987,2.987,2.99,2.991,2.991,2.991,2.991,2.99,2.99
AAPL,AAPL170120P00105000,105,12.85,7.96,7.96,7.96,7.96,7.96,7.96,7.96,7.96,7.96
AAPL,AAPL170120P00110000,110,16.15,12.96,12.96,12.96,12.96,12.96,12.96,12.96,12.96,12.96
AAPL,AAPL170120P00115000,115,20.5,17.96,17.96,17.96,17.96,17.96,17.96,17.96,17.96,17.96
AAPL,AAPL170120P00120000,120,24.35,22.98,22.98,22.98,22.98,22.98,22.98,22.98,22.98,22.98
AAPL,AAPL170120P00125000,125,27.64,27.96,27.96,27.96,27.96,27.96,27.96,27.96,27.96,27.96
AAPL,AAPL170120P00130000,130,32.2,32.98,32.98,32.98,32.98,32.98,32.98,32.98,32.98,32.98
AAPL,AAPL170120P00135000,135,36.12,37.98,37.98,37.98,37.98,37.98,37.98,37.98,37.98,37.98
AAPL,AAPL170120P00140000,140,41.35,42.98,42.98,42.98,42.98,42.98,42.98,42.98,42.98,42.98
AAPL,AAPL170120P00145000,145,54.9,47.98,47.98,47.98,47.98,47.98,47.98,47.98,47.98,47.98
AAPL,AAPL170120P00150000,150,51.42,52.98,52.98,52.98,52.98,52.98,52.98,52.98,52.98,52.98
AAPL,AAPL170120P00155000,155,56.4,57.98,57.98,57.98,57.98,57.98,57.98,57.98,57.98,57.98
AAPL,AAPL170120P00160000,160,63.4,62.98,62.98,62.98,62.98,62.98,62.98,62.98,62.98,62.98
AAPL,AAPL170120P00165000,165,66.6,67.98,67.98,67.98,67.98,67.98,67.98,67.98,67.98,67.98
AAPL,AAPL170120P00170000,170,71.59,72.98,72.98,72.98,72.98,72.98,72.98,72.98,72.98,72.98
AAPL,AAPL170120P00175000,175,76.57,77.98,77.98,77.98,77.98,77.98,77.98,77.98,77.98,77.98
AAPL,AAPL170120P00180000,180,86.88,82.98,82.98,82.98,82.98,82.98,82.98,82.98,82.98,82.98
AAPL,AAPL170120P00185000,185,91.53,87.98,87.98,87.98,87.98,87.98,87.98,87.98,87.98,87.98
AAPL,AAPL170120P00190000,190,95.65,92.98,92.98,92.98,92.98,92.98,92.98,92.98,92.98,92.98
AAPL,AAPL170120P00195000,195,96.45,97.98,97.98,97.98,97.98,97.98,97.98,97.98,97.98,97.98
AAPL,AAPL170120P00200000,200,100.8,102.98,102.98,102.98,102.98,102.98,102.98,102.98,102.98,102.98
AAPL,AAPL170120P00205000,205,105.1,107.98,107.98,107.98,107.98,107.98,107.98,107.98,107.98,107.98
AAPL,AAPL170317P00045000,45,0.29,0,0,0,0,0,0,0,0,0
AAPL,AAPL170317P00047500,47.5,0.37,0,0,0,0,0,0,0,0,0
AAPL,AAPL170317P00050000,50,0.4,0,0,0,0,0,0,0,0,0
AAPL,AAPL170317P00055000,55,0.4,0,0,0,0,0,0,0,0,0
AAPL,AAPL170317P00060000,60,0.62,0,0,0,0,0,0,0,0,0
AAPL,AAPL170317P00065000,65,0.85,0,0,0,0,0,0,0,0,0
AAPL,AAPL170317P00070000,70,1.25,0,0,0,0,0,0,0,0,0
AAPL,AAPL170317P00075000,75,2.05,0,0,0,0,0,0,0,0,0
AAPL,AAPL170317P00080000,80,2.63,0,0,0,0,0,0,0,0,0
AAPL,AAPL170317P00082500,82.5,3.28,0,0,0,0,0,0,0,0,0
AAPL,AAPL170317P00085000,85,4.25,0,0,0,0,0,0,0,0,0
AAPL,AAPL170317P00087500,87.5,5.1,0,0,0,0,0,0,0,0,0
AAPL,AAPL170317P00090000,90,5.9,0,0,0,0,0,0,0,0,0
AAPL,AAPL170317P00092500,92.5,6.85,0.004,0.004,0.004,0.004,0.004,0.004,0.004,0.004,0.004
AAPL,AAPL170317P00095000,95,7.45,0.124,0.124,0.124,0.124,0.124,0.124,0.124,0.124,0.124
AAPL,AAPL170317P00097500,97.5,9.06,0.993,0.993,0.994,0.994,0.994,0.994,0.994,0.995,0.994
AAPL,AAPL170317P00100000,100,10.5,3.006,3.006,3.009,3.009,3.009,3.009,3.009,3.009,3.009
AAPL,AAPL170317P00105000,105,13.5,7.98,7.98,7.98,7.98,7.98,7.98,7.98,7.98,7.98
AAPL,AAPL170317P00110000,110,17.4,12.98,12.98,12.98,12.98,12.98,12.98,12.98,12.98,12.98
AAPL,AAPL170317P00115000,115,19.25,17.98,17.98,17.98,17.98,17.98,17.98,17.98,17.98,17.98
AAPL,AAPL170317P00120000,120,23.2,22.98,22.98,22.98,22.98,22.98,22.98,22.98,22.98,22.98
AAPL,AAPL170317P00125000,125,28.33,27.98,27.98,27.98,27.98,27.98,27.98,27.98,27.98,27.98
AAPL,AAPL170317P00130000,130,34.32,32.96,32.96,32.96,32.96,32.96,32.96,32.96,32.96,32.96
AAPL,AAPL170317P00135000,135,36.04,37.96,37.96,37.96,37.96,37.96,37.96,37.96,37.96,37.96
AAPL,AAPL170317P00140000,140,42.08,42.97,42.97,42.97,42.97,42.97,42.97,42.97,42.97,42.97
AAPL,AAPL170616P00047500,47.5,0.37,0,0,0,0,0,0,0,0,0
AAPL,AAPL170616P00050000,50,0.51,0,0,0,0,0,0,0,0,0
AAPL,AAPL170616P00055000,55,0.81,0,0,0,0,0,0,0,0,0
AAPL,AAPL170616P00060000,60,1.02,0,0,0,0,0,0,0,0,0
AAPL,AAPL170616P00065000,65,1.37,0,0,0,0,0,0,0,0,0
AAPL,AAPL170616P00070000,70,2.05,0,0,0,0,0,0,0,0,0
AAPL,AAPL170616P00075000,75,2.89,0,0,0,0,0,0,0,0,0
AAPL,AAPL170616P00080000,80,3.94,0,0,0,0,0,0,0,0,0
AAPL,AAPL170616P00082500,82.5,4.1,0,0,0,0,0,0,0,0,0
AAPL,AAPL170616P00085000,85,5.43,0,0,0,0,0,0,0,0,0
AAPL,AAPL170616P00087500,87.5,6.27,0,0,0,0,0,0,0,0,0
AAPL,AAPL170616P00090000,90,7.3,0,0,0,0,0,0,0,0,0
AAPL,AAPL170616P00092500,92.5,7.7,0.004,0.004,0.004,0.004,0.004,0.003,0.004,0.004,0.004
AAPL,AAPL170616P00095000,95,9.38,0.121,0.12,0.12,0.121,0.12,0.12,0.12,0.121,0.12
AAPL,AAPL170616P00097500,97.5,10.63,0.976,0.975,0.977,0.977,0.977,0.977,0.977,0.977,0.977
AAPL,AAPL170616P00100000,100,11.85,2.977,2.977,2.981,2.981,2.981,2.981,2.981,2.981,2.981
AAPL,AAPL170616P00105000,105,15.05,7.95,7.95,7.95,7.95,7.95,7.95,7.95,7.95,7.95
AAPL,AAPL170616P00110000,110,16.7,12.95,12.95,12.95,12.95,12.95,12.95,12.95,12.95,12.95
AAPL,AAPL170616P00115000,115,20.85,17.95,17.95,17.95,17.95,17.95,17.95,17.95,17.95,17.95
AAPL,AAPL170616P00120000,120,24.74,22.95,22.95,22.95,22.95,22.95,22.95,22.95,22.95,22.95
AAPL,AAPL170616P00125000,125,28.87,27.95,27.95,27.95,27.95,27.95,27.95,27.95,27.95,27.95
AAPL,AAPL170616P00130000,130,33.2,32.95,32.95,32.95,32.95,32.95,32.95,32.95,32.95,32.95
AAPL,AAPL170616P00135000,135,41.45,37.95,37.95,37.95,37.95,37.95,37.95,37.95,37.95,37.95
AAPL,AAPL170616P00140000,140,46.28,42.95,42.95,42.95,42.95,42.95,42.95,42.95,42.95,42.95
AAPL,AAPL170616P00145000,145,42,47.95,47.95,47.95,47.95,47.95,47.95,47.95,47.95,47.95
AAPL,AAPL170616P00150000,150,51.91,52.95,52.95,52.95,52.95,52.95,52.95,52.95,52.95,52.95
AAPL,AAPL170616P00155000,155,56.78,57.95,57.95,57.95,57.95,57.95,57.95,57.95,57.95,57.95
AAPL,AAPL170616P00165000,165,71.5,67.95,67.95,67.95,67.95,67.95,67.95,67.95,67.95,67.95
AAPL,AAPL180119P00042500,42.5,0.59,0,0,0,0,0,0,0,0,0
AAPL,AAPL180119P00047500,47.5,0.86,0,0,0,0,0,0,0,0,0
AAPL,AAPL180119P00050000,50,1.06,0,0,0,0,0,0,0,0,0
AAPL,AAPL180119P00055000,55,1.45,0,0,0,0,0,0,0,0,0
AAPL,AAPL180119P00060000,60,2.07,0,0,0,0,0,0,0,0,0
AAPL,AAPL180119P00065000,65,2.81,0,0,0,0,0,0,0,0,0
AAPL,AAPL180119P00070000,70,3.75,0,0,0,0,0,0,0,0,0
AAPL,AAPL180119P00075000,75,5,0,0,0,0,0,0,0,0,0
AAPL,AAPL180119P00080000,80,6.5,0,0,0,0,0,0,0,0,0
AAPL,AAPL180119P00082500,82.5,6.97,0,0,0,0,0,0,0,0,0
AAPL,AAPL180119P00085000,85,8.15,0,0,0,0,0,0,0,0,0
AAPL,AAPL180119P00087500,87.5,8.59,0,0,0,0,0,0,0,0,0
AAPL,AAPL180119P00090000,90,10.25,0,0,0,0,0,0,0,0,0
AAPL,AAPL180119P00092500,92.5,11.5,0.004,0.004,0.004,0.004,0.004,0.003,0.004,0.004,0.004
AAPL,AAPL180119P00095000,95,12.75,0.121,0.12,0.12,0.121,0.12,0.12,0.12,0.121,0.12
AAPL,AAPL180119P00097500,97.5,14.1,0.976,0.975,0.977,0.977,0.977,0.977,0.977,0.977,0.977
AAPL,AAPL180119P00100000,100,15.2,2.977,2.977,2.981,2.981,2.981,2.981,2.981,2.981,2.981
AAPL,AAPL180119P00105000,105,17.31,7.95,7.95,7.95,7.95,7.95,7.95,7.95,7.95,7.95
AAPL,AAPL180119P00110000,110,20.4,12.95,12.95,12.95,12.95,12.95,12.95,12.95,12.95,12.95
AAPL,AAPL180119P00115000,115,23.35,17.95,17.95,17.95,17.95,17.95,17.95,17.95,17.95,17.95
AAPL,AAPL180119P00120000,120,27.45,22.95,22.95,22.95,22.95,22.95,22.95,22.95,22.95,22.95
AAPL,AAPL180119P00125000,125,31.33,27.95,27.95,27.95,27.95,27.95,27.95,27.95,27.95,27.95
AAPL,AAPL180119P00130000,130,34.76,32.95,32.95,32.95,32.95,32.95,32.95,32.95,32.95,32.95
AAPL,AAPL180119P00135000,135,44.5,37.95,37.95,37.95,37.95,37.95,37.95,37.95,37.95,37.95
AAPL,AAPL180119P00140000,140,47.48,42.95,42.95,42.95,42.95,42.95,42.95,42.95,42.95,42.95
AAPL,AAPL180119P00145000,145,52.13,47.95,47.95,47.95,47.95,47.95,47.95,47.95,47.95,47.95
AAPL,AAPL180119P00150000,150,53.55,52.95,52.95,52.95,52.95,52.95,52.95,52.95,52.95,52.95
AAPL,AAPL180119P00155000,155,64.02,57.95,57.95,57.95,57.95,57.95,57.95,57.95,57.95,57.95
AAPL,AAPL180119P00160000,160,61.68,62.95,62.95,62.95,62.95,62.95,62.95,62.95,62.95,62.95
AAPL,AAPL180119P00165000,165,71.07,67.95,67.95,67.95,67.95,67.95,67.95,67.95,67.95,67.95
AAPL,AAPL180119P00170000,170,71.3,72.96,72.96,72.96,72.96,72.96,72.96,72.96,72.96,72.96
AAPL,AAPL180119P00175000,175,76.06,77.95,77.95,77.95,77.95,77.95,77.95,77.95,77.95,77.95
AAPL,AAPL180119P00180000,180,83.35,82.96,82.96,82.96,82.96,82.96,82.96,82.96,82.96,82.96
BA,BA160603P00100000,100,0.03,2.987,2.987,2.99,2.991,2.991,2.991,2.991,2.99,2.99
BA,BA160603P00105000,105,0.01,7.96,7.96,7.96,7.96,7.96,7.96,7.96,7.96,7.96
BA,BA160603P00109000,109,0.01,11.96,11.96,11.96,11.96,11.96,11.96,11.96,11.96,11.96
BA,BA160603P00110000,110,0.12,12.96,12.96,12.96,12.96,12.96,12.96,12.96,12.96,12.96
BA,BA160603P00115000,115,0.03,17.96,17.96,17.96,17.96,17.96,17.96,17.96,17.96,17.96
BA,BA160603P00118000,118,0.18,20.96,20.96,20.96,20.96,20.96,20.96,20.96,20.96,20.96
BA,BA160603P00119000,119,0.02,21.96,21.96,21.96,21.96,21.96,21.96,21.96,21.96,21.96
BA,BA160603P00120000,120,0.04,22.96,22.96,22.96,22.96,22.96,22.96,22.96,22.96,22.96
BA,BA160603P00121000,121,0.05,23.96,23.96,23.96,23.96,23.96,23.96,23.96,23.96,23.96
BA,BA160603P00122000,122,0.06,24.96,24.96,24.96,24.96,24.96,24.96,24.96,24.96,24.96
BA,BA160603P00123000,123,0.04,25.96,25.96,25.96,25.96,25.96,25.96,25.96,25.96,25.96
BA,BA160603P00124000,124,0.19,26.96,26.96,26.96,26.96,26.96,26.96,26.96,26.96,26.96
BA,BA160603P00125000,125,0.2,27.96,27.96,27.96,27.96,27.96,27.96,27.96,27.96,27.96
BA,BA160603P00126000,126,0.35,28.96,28.96,28.96,28.96,28.96,28.96,28.96,28.96,28.96
BA,BA160603P00127000,127,0.82,29.96,29.96,29.96,29.96,29.96,29.96,29.96,29.96,29.96
BA,BA160603P00128000,128,1.47,30.96,30.96,30.96,30.96,30.96,30.96,30.96,30.96,30.96
BA,BA160603P00129000,129,2.36,31.96,31.96,31.96,31.96,31.96,31.96,31.96,31.96,31.96
BA,BA160603P00130000,130,4.03,32.96,32.96,32.96,32.96,32.96,32.96,32.96,32.96,32.96
BA,BA160603P00131000,131,3.18,33.96,33.96,33.96,33.96,33.96,33.96,33.96,33.96,33.96
BA,BA160603P00132000,132,5.5,34.96,34.96,34.96,34.96,34.96,34.96,34.96,34.96,34.96
BA,BA160603P00133000,133,6.4,35.96,35.96,35.96,35.96,35.96,35.96,35.96,35.96,35.96
BA,BA160603P00134000,134,5.04,36.96,36.96,36.96,36.96,36.96,36.96,36.96,36.96,36.96
BA,BA160603P00135000,135,8.14,37.96,37.96,37.96,37.96,37.96,37.96,37.96,37.96,37.96
BA,BA160603P00136000,136,4.65,38.96,38.96,38.96,38.96,38.96,38.96,38.96,38.96,38.96
BA,BA160603P00138000,138,6.4,40.96,40.96,40.96,40.96,40.96,40.96,40.96,40.96,40.96
BA,BA160603P00140000,140,12,42.96,42.96,42.96,42.96,42.96,42.96,42.96,42.96,42.96
BA,BA160610P00105000,105,0.06,7.97,7.97,7.97,7.97,7.97,7.97,7.97,7.97,7.97
BA,BA160610P00110000,110,0.28,12.97,12.97,12.97,12.97,12.97,12.97,12.97,12.97,12.97
BA,BA160610P00115000,115,0.08,17.97,17.97,17.97,17.97,17.97,17.97,17.97,17.97,17.97
BA,BA160610P00118000,118,0.11,20.97,20.97,20.97,20.97,20.97,20.97,20.97,20.97,20.97
BA,BA160610P00119000,119,0.18,21.97,21.97,21.97,21.97,21.97,21.97,21.97,21.97,21.97
BA,BA160610P00120000,120,0.17,22.97,22.97,22.97,22.97,22.97,22.97,22.97,22.97,22.97
BA,BA160610P00121000,121,0.28,23.97,23.97,23.97,23.97,23.97,23.97,23.97,23.97,23.97
BA,BA160610P00122000,122,0.32,24.97,24.97,24.97,24.97,24.97,24.97,24.97,24.97,24.97
BA,BA160610P00123000,123,0.47,25.97,25.97,25.97,25.97,25.97,25.97,25.97,25.97,25.97
BA,BA160610P00124000,124,0.65,26.97,26.97,26.97,26.97,26.97,26.97,26.97,26.97,26.97
BA,BA160610P00125000,125,1,27.97,27.97,27.97,27.97,27.97,27.97,27.97,27.97,27.97
BA,BA160610P00126000,126,1.12,28.96,28.96,28.96,28.96,28.96,28.96,28.96,28.96,28.96
BA,BA160610P00127000,127,1.84,29.96,29.96,29.96,29.96,29.96,29.96,29.96,29.96,29.96
BA,BA160610P00128000,128,3.04,30.96,30.96,30.96,30.96,30.96,30.96,30.96,30.96,30.96
BA,BA160610P00129000,129,3.37,31.96,31.96,31.96,31.96,31.96,31.96,31.96,31.96,31.96
BA,BA160610P00130000,130,4.09,32.96,32.96,32.96,32.96,32.96,32.96,32.96,32.96,32.96
BA,BA160610P00131000,131,4.46,33.96,33.96,33.96,33.96,33.96,33.96,33.96,33.96,33.96
BA,BA160610P00132000,132,5.53,34.96,34.96,34.96,34.96,34.96,34.96,34.96,34.96,34.96
BA,BA160610P00133000,133,5.55,35.96,35.96,35.96,35.96,35.96,35.96,35.96,35.96,35.96
BA,BA160610P00134000,134,4.95,36.96,36.96,36.96,36.96,36.96,36.96,36.96,36.96,36.96
BA,BA160610P00135000,135,4.84,37.96,37.96,37.96,37.96,37.96,37.96,37.96,37.96,37.96
BA,BA160610P00136000,136,5.21,38.96,38.96,38.96,38.96,38.96,38.96,38.96,38.96,38.96
BA,BA160610P00140000,140,12.64,42.96,42.96,42.96,42.96,42.96,42.96,42.96,42.96,42.96
BA,BA160617P00075000,75,0.01,0,0,0,0,0,0,0,0,0
BA,BA160617P00080000,80,0.01,0,0,0,0,0,0,0,0,0
BA,BA160617P00085000,85,0.05,0,0,0,0,0,0,0,0,0
BA,BA160617P00090000,90,0.02,0,0,0,0,0,0,0,0,0
BA,BA160617P00095000,95,0.03,0.122,0.122,0.122,0.122,0.122,0.122,0.122,0.122,0.122
BA,BA160617P00100000,100,0.01,2.987,2.987,2.99,2.991,2.991,2.991,2.991,2.99,2.99
BA,BA160617P00105000,105,0.02,7.96,7.96,7.96,7.96,7.96,7.96,7.96,7.96,7.96
BA,BA160617P00110000,110,0.05,12.96,12.96,12.96,12.96,12.96,12.96,12.96,12.96,12.96
BA,BA160617P00113000,113,0.09,15.96,15.96,15.96,15.96,15.96,15.96,15.96,15.96,15.96
BA,BA160617P00114000,114,0.11,16.96,16.96,16.96,16.96,16.96,16.96,16.96,16.96,16.96
BA,BA160617P00115000,115,0.15,17.96,17.96,17.96,17.96,17.96,17.96,17.96,17.96,17.96
BA,BA160617P00116000,116,0.19,18.96,18.96,18.96,18.96,18.96,18.96,18.96,18.96,18.96
BA,BA160617P00117000,117,0.2,19.96,19.96,19.96,19.96,19.96,19.96,19.96,19.96,19.96
BA,BA160617P00118000,118,0.3,20.96,20.96,20.96,20.96,20.96,20.96,20.96,20.96,20.96
BA,BA160617P00119000,119,0.3,21.96,21.96,21.96,21.96,21.96,21.96,21.96,21.96,21.96
BA,BA160617P00120000,120,0.33,22.96,22.96,22.96,22.96,22.96,22.96,22.96,22.96,22.96
BA,BA160617P00121000,121,0.44,23.96,23.96,23.96,23.96,23.96,23.96,23.96,23.96,23.96
BA,BA160617P00122000,122,0.57,24.96,24.96,24.96,24.96,24.96,24.96,24.96,24.96,24.96
BA,BA160617P00123000,123,0.79,25.96,25.96,25.96,25.96,25.96,25.96,25.96,25.96,25.96
BA,BA160617P00124000,124,1.01,26.96,26.96,26.96,26.96,26.96,26.96,26.96,26.96,26.96
BA,BA160617P00125000,125,1.29,27.96,27.96,27.96,27.96,27.96,27.96,27.96,27.96,27.96
BA,BA160617P00126000,126,1.89,28.96,28.96,28.96,28.96,28.96,28.96,28.96,28.96,28.96
BA,BA160617P00127000,127,2.08,29.95,29.95,29.95,29.95,29.95,29.95,29.95,29.95,29.95
BA,BA160617P00128000,128,3.1,30.95,30.95,30.95,30.95,30.95,30.95,30.95,30.95,30.95
BA,BA160617P00129000,129,4.2,31.95,31.95,31.95,31.95,31.95,31.95,31.95,31.95,31.95
BA,BA160617P00130000,130,4.41,32.95,32.95,32.95,32.95,32.95,32.95,32.95,32.95,32.95
BA,BA160617P00131000,131,5.25,33.95,33.95,33.95,33.95,33.95,33.95,33.95,33.95,33.95
BA,BA160617P00132000,132,4.1,34.95,34.95,34.95,34.95,34.95,34.95,34.95,34.95,34.95
BA,BA160617P00133000,133,4.5,35.95,35.95,35.95,35.95,35.95,35.95,35.95,35.95,35.95
BA,BA160617P00134000,134,5.29,36.95,36.95,36.95,36.95,36.95,36.95,36.95,36.95,36.95
BA,BA160617P00135000,135,10,37.95,37.95,37.95,37.95,37.95,37.95,37.95,37.95,37.95
BA,BA160617P00136000,136,7.85,38.95,38.95,38.95,38.95,38.95,38.95,38.95,38.95,38.95
BA,BA160617P00140000,140,14.95,42.95,42.95,42.95,42.95,42.95,42.95,42.95,42.95,42.95
BA,BA160617P00145000,145,12.44,47.95,47.95,47.95,47.95,47.95,47.95,47.95,47.95,47.95
BA,BA160617P00175000,175,41.11,77.96,77.96,77.96,77.96,77.96,77.96,77.96,77.96,77.96
BA,BA160624P00100000,100,0.01,2.987,2.987,2.99,2.991,2.991,2.991,2.991,2.99,2.99
BA,BA160624P00105000,105,0.2,7.96,7.96,7.96,7.96,7.96,7.96,7.96,7.96,7.96
BA,BA160624P00110000,110,0.11,12.96,12.96,12.96,12.96,12.96,12.96,12.96,12.96,12.96
BA,BA160624P00115000,115,0.32,17.96,17.96,17.96,17.96,17.96,17.96,17.96,17.96,17.96
BA,BA160624P00117000,117,0.38,19.96,19.96,19.96,19.96,19.96,19.96,19.96,19.96,19.96
BA,BA160624P00118000,118,0.68,20.96,20.96,20.96,20.96,20.96,20.96,20.96,20.96,20.96
BA,BA160624P00119000,119,0.65,21.96,21.96,21.96,21.96,21.96,21.96,21.96,21.96,21.96
BA,BA160624P00120000,120,0.97,22.96,22.96,22.96,22.96,22.96,22.96,22.96,22.96,22.96
BA,BA160624P00121000,121,0.9,23.96,23.96,23.96,23.96,23.96,23.96,23.96,23.96,23.96
BA,BA160624P00122000,122,1.42,24.96,24.96,24.96,24.96,24.96,24.96,24.96,24.96,24.96
BA,BA160624P00123000,123,1.33,25.96,25.96,25.96,25.96,25.96,25.96,25.96,25.96,25.96
BA,BA160624P00124000,124,1.62,26.96,26.96,26.96,26.96,26.96,26.96,26.96,26.96,26.96
BA,BA160624P00125000,125,1.9,27.96,27.96,27.96,27.96,27.96,27.96,27.96,27.96,27.96
BA,BA160624P00126000,126,2.25,28.96,28.96,28.96,28.96,28.96,28.96,28.96,28.96,28.96
BA,BA160624P00127000,127,2.9,29.95,29.95,29.95,29.95,29.95,29.95,29.95,29.95,29.95
BA,BA160624P00128000,128,3.9,30.95,30.95,30.95,30.95,30.95,30.95,30.95,30.95,30.95
BA,BA160624P00129000,129,4.04,31.95,31.95,31.95,31.95,31.95,31.95,31.95,31.95,31.95
BA,BA160624P00130000,130,4.36,32.95,32.95,32.95,32.95,32.95,32.95,32.95,32.95,32.95
BA,BA160624P00131000,131,4.55,33.95,33.95,33.95,33.95,33.95,33.95,33.95,33.95,33.95
BA,BA160624P00132000,132,5.83,34.95,34.95,34.95,34.95,34.95,34.95,34.95,34.95,34.95
BA,BA160624P00133000,133,4.84,35.95,35.95,35.95,35.95,35.95,35.95,35.95,35.95,35.95
BA,BA160624P00134000,134,4.1,36.95,36.95,36.95,36.95,36.95,36.95,36.95,36.95,36.95
BA,BA160624P00135000,135,6.56,37.95,37.95,37.95,37.95,37.95,37.95,37.95,37.95,37.95
BA,BA160701P00105000,105,0.13,7.96,7.96,7.96,7.96,7.96,7.96,7.96,7.96,7.96
BA,BA160701P00110000,110,0.14,12.96,12.96,12.96,12.96,12.96,12.96,12.96,12.96,12.96
BA,BA160701P00115000,115,0.43,17.95,17.95,17.95,17.95,17.95,17.95,17.95,17.95,17.95
BA,BA160701P00119000,119,0.85,21.95,21.95,21.95,21.95,21.95,21.95,21.95,21.95,21.95
BA,BA160701P00120000,120,1.3,22.95,22.95,22.95,22.95,22.95,22.95,22.95,22.95,22.95
BA,BA160701P00121000,121,1.2,23.95,23.95,23.95,23.95,23.95,23.95,23.95,23.95,23.95
BA,BA160701P00122000,122,1.47,24.95,24.95,24.95,24.95,24.95,24.95,24.95,24.95,24.95
BA,BA160701P00123000,123,1.11,25.95,25.95,25.95,25.95,25.95,25.95,25.95,25.95,25.95
BA,BA160701P00124000,124,2,26.95,26.95,26.95,26.95,26.95,26.95,26.95,26.95,26.95
BA,BA160701P00125000,125,2.55,27.95,27.95,27.95,27.95,27.95,27.95,27.95,27.95,27.95
BA,BA160701P00126000,126,2.74,28.95,28.95,28.95,28.95,28.95,28.95,28.95,28.95,28.95
BA,BA160701P00127000,127,2.44,29.95,29.95,29.95,29.95,29.95,29.95,29.95,29.95,29.95
BA,BA160701P00128000,128,3.85,30.95,30.95,30.95,30.95,30.95,30.95,30.95,30.95,30.95
BA,BA160701P00129000,129,4.3,31.95,31.95,31.95,31.95,31.95,31.95,31.95,31.95,31.95
BA,BA160701P00130000,130,3.5,32.95,32.95,32.95,32.95,32.95,32.95,32.95,32.95,32.95
BA,BA160701P00133000,133,4.55,35.95,35.95,35.95,35.95,35.95,35.95,35.95,35.95,35.95
BA,BA160701P00134000,134,5.8,36.95,36.95,36.95,36.95,36.95,36.95,36.95,36.95,36.95
BA,BA160701P00135000,135,8.56,37.95,37.95,37.95,37.95,37.95,37.95,37.95,37.95,37.95
BA,BA160701P00140000,140,10.88,42.95,42.95,42.95,42.95,42.95,42.95,42.95,42.95,42.95
BA,BA160701P00145000,145,12.12,47.95,47.95,47.95,47.95,47.95,47.95,47.95,47.95,47.95
BA,BA160708P00113000,113,0.42,15.95,15.95,15.95,15.95,15.95,15.95,15.95,15.95,15.95
BA,BA160708P00114000,114,0.39,16.95,16.95,16.95,16.95,16.95,16.95,16.95,16.95,16.95
BA,BA160708P00115000,115,0.54,17.95,17.95,17.95,17.95,17.95,17.95,17.95,17.95,17.95
BA,BA160708P00117000,117,0.91,19.95,19.95,19.95,19.95,19.95,19.95,19.95,19.95,19.95
BA,BA160708P00118000,118,1.14,20.95,20.95,20.95,20.95,20.95,20.95,20.95,20.95,20.95
BA,BA160708P00120000,120,1.27,22.95,22.95,22.95,22.95,22.95,22.95,22.95,22.95,22.95
BA,BA160708P00121000,121,1.34,23.94,23.94,23.94,23.94,23.94,23.94,23.94,23.94,23.94
BA,BA160708P00122000,122,1.76,24.94,24.94,24.94,24.94,24.94,24.94,24.94,24.94,24.94
BA,BA160708P00123000,123,2.37,25.94,25.94,25.94,25.94,25.94,25.94,25.94,25.94,25.94
BA,BA160708P00124000,124,2.3,26.94,26.94,26.94,26.94,26.94,26.94,26.94,26.94,26.94
BA,BA160708P00125000,125,3.14,27.94,27.94,27.94,27.94,27.94,27.94,27.94,27.94,27.94
BA,BA160708P00126000,126,3.51,28.94,28.94,28.94,28.94,28.94,28.94,28.94,28.94,28.94
BA,BA160708P00127000,127,3.58,29.94,29.94,29.94,29.94,29.94,29.94,29.94,29.94,29.94
BA,BA160708P00128000,128,3.82,30.94,30.94,30.94,30.94,30.94,30.94,30.94,30.94,30.94
BA,BA160708P00129000,129,5.25,31.94,31.94,31.94,31.94,31.94,31.94,31.94,31.94,31.94
BA,BA160708P00130000,130,5.19,32.94,32.94,32.94,32.94,32.94,32.94,32.94,32.94,32.94
BA,BA160708P00135000,135,7.1,37.94,37.94,37.94,37.94,37.94,37.94,37.94,37.94,37.94
BA,BA160715P00075000,75,0.01,0,0,0,0,0,0,0,0,0
BA,BA160715P00080000,80,0.03,0,0,0,0,0,0,0,0,0
BA,BA160715P00085000,85,0.02,0,0,0,0,0,0,0,0,0
BA,BA160715P00090000,90,0.03,0,0,0,0,0,0,0,0,0
BA,BA160715P00095000,95,0.05,0.119,0.119,0.119,0.119,0.119,0.119,0.119,0.119,0.119
BA,BA160715P00100000,100,0.11,2.977,2.977,2.981,2.981,2.981,2.981,2.981,2.981,2.981
BA,BA160715P00105000,105,0.23,7.95,7.95,7.95,7.95,7.95,7.95,7.95,7.95,7.95
BA,BA160715P00110000,110,0.41,12.94,12.94,12.94,12.94,12.94,12.94,12.94,12.94,12.94
BA,BA160715P00115000,115,0.72,17.95,17.95,17.95,17.95,17.95,17.95,17.95,17.95,17.95
BA,BA160715P00120000,120,1.41,22.95,22.95,22.95,22.95,22.95,22.95,22.95,22.95,22.95
BA,BA160715P00125000,125,2.8,27.94,27.94,27.94,27.94,27.94,27.94,27.94,27.94,27.94
BA,BA160715P00130000,130,5.25,32.95,32.95,32.95,32.95,32.95,32.95,32.95,32.95,32.95
BA,BA160715P00135000,135,10.1,37.93,37.93,37.93,37.93,37.93,37.93,37.93,37.93,37.93
BA,BA160715P00140000,140,12.6,42.95,42.95,42.95,42.95,42.95,42.95,42.95,42.95,42.95
BA,BA160715P00150000,150,16.02,52.93,52.93,52.93,52.93,52.93,52.93,52.93,52.93,52.93
BA,BA160819P00055000,55,0.06,0,0,0,0,0,0,0,0,0
BA,BA160819P00060000,60,0.04,0,0,0,0,0,0,0,0,0
BA,BA160819P00065000,65,0.02,0,0,0,0,0,0,0,0,0
BA,BA160819P00070000,70,0.05,0,0,0,0,0,0,0,0,0
BA,BA160819P00075000,75,0.05,0,0,0,0,0,0,0,0,0
BA,BA160819P00080000,80,0.07,0,0,0,0,0,0,0,0,0
BA,BA160819P00085000,85,0.11,0,0,0,0,0,0,0,0,0
BA,BA160819P00090000,90,0.19,0,0,0,0,0,0,0,0,0
BA,BA160819P00095000,95,0.31,0.117,0.117,0.117,0.117,0.117,0.117,0.117,0.117,0.117
BA,BA160819P00100000,100,0.47,2.949,2.949,2.953,2.953,2.953,2.953,2.953,2.953,2.953
BA,BA160819P00105000,105,0.76,7.92,7.92,7.92,7.92,7.92,7.92,7.92,7.92,7.92
BA,BA160819P00110000,110,1.26,12.92,12.92,12.92,12.92,12.92,12.92,12.92,12.92,12.92
BA,BA160819P00115000,115,1.94,17.92,17.92,17.92,17.92,17.92,17.92,17.92,17.92,17.92
BA,BA160819P00120000,120,3.1,22.92,22.92,22.92,22.92,22.92,22.92,22.92,22.92,22.92
BA,BA160819P00125000,125,4.95,27.92,27.92,27.92,27.92,27.92,27.92,27.92,27.92,27.92
BA,BA160819P00130000,130,8.35,32.92,32.92,32.92,32.92,32.92,32.92,32.92,32.92,32.92
BA,BA160819P00135000,135,11.5,37.92,37.92,37.92,37.92,37.92,37.92,37.92,37.92,37.92
BA,BA160819P00140000,140,15.45,42.92,42.92,42.92,42.92,42.92,42.92,42.92,42.92,42.92
BA,BA160819P00145000,145,20.05,47.92,47.92,47.92,47.92,47.92,47.92,47.92,47.92,47.92
BA,BA160819P00150000,150,24.9,52.92,52.92,52.92,52.92,52.92,52.92,52.92,52.92,52.92
BA,BA160819P00155000,155,29.5,57.92,57.92,57.92,57.92,57.92,57.92,57.92,57.92,57.92
BA,BA160819P00160000,160,20.12,62.92,62.92,62.92,62.92,62.92,62.92,62.92,62.92,62.92
BA,BA160819P00165000,165,38.25,67.92,67.92,67.92,67.92,67.92,67.92,67.92,67.92,67.92
BA,BA160819P00170000,170,45.13,72.92,72.92,72.92,72.92,72.92,72.92,72.92,72.92,72.92
BA,BA160819P00175000,175,42.25,77.92,77.92,77.92,77.92,77.92,77.92,77.92,77.92,77.92
BA,BA160819P00195000,195,73.05,97.91,97.91,97.91,97.91,97.91,97.91,97.91,97.91,97.91
BA,BA161118P00065000,65,0.16,0,0,0,0,0,0,0,0,0
BA,BA161118P00070000,70,0.23,0,0,0,0,0,0,0,0,0
BA,BA161118P00075000,75,0.32,0,0,0,0,0,0,0,0,0
BA,BA161118P00080000,80,0.46,0,0,0,0,0,0,0,0,0
BA,BA161118P00085000,85,0.63,0,0,0,0,0,0,0,0,0
BA,BA161118P00090000,90,0.9,0,0,0,0,0,0,0,0,0
BA,BA161118P00095000,95,1.18,0.117,0.117,0.117,0.117,0.117,0.117,0.117,0.117,0.117
BA,BA161118P00100000,100,1.68,2.94,2.94,2.943,2.943,2.943,2.943,2.943,2.943,2.943
BA,BA161118P00105000,105,2.3,7.91,7.91,7.91,7.91,7.91,7.91,7.91,7.91,7.91
BA,BA161118P00110000,110,3.3,12.91,12.91,12.91,12.91,12.91,12.91,12.91,12.91,12.91
BA,BA161118P00115000,115,4.25,17.91,17.91,17.91,17.91,17.91,17.91,17.91,17.91,17.91
BA,BA161118P00120000,120,6,22.91,22.91,22.91,22.91,22.91,22.91,22.91,22.91,22.91
BA,BA161118P00125000,125,8.1,27.91,27.91,27.91,27.91,27.91,27.91,27.91,27.91,27.91
BA,BA161118P00130000,130,11.2,32.91,32.91,32.91,32.91,32.91,32.91,32.91,32.91,32.91
BA,BA161118P00135000,135,13.45,37.91,37.91,37.91,37.91,37.91,37.91,37.91,37.91,37.91
BA,BA161118P00140000,140,17.6,42.91,42.91,42.91,42.91,42.91,42.91,42.91,42.91,42.91
BA,BA161118P00145000,145,16.51,47.91,47.91,47.91,47.91,47.91,47.91,47.91,47.91,47.91
BA,BA161118P00150000,150,19.87,52.91,52.91,52.91,52.91,52.91,52.91,52.91,52.91,52.91
BA,BA161118P00155000,155,25.41,57.91,57.91,57.91,57.91,57.91,57.91,57.91,57.91,57.91
BA,BA170120P00055000,55,0.22,0,0,0,0,0,0,0,0,0
BA,BA170120P00060000,60,0.29,0,0,0,0,0,0,0,0,0
BA,BA170120P00065000,65,0.34,0,0,0,0,0,0,0,0,0
BA,BA170120P00070000,70,0.48,0,0,0,0,0,0,0,0,0
BA,BA170120P00075000,75,0.62,0,0,0,0,0,0,0,0,0
BA,BA170120P00080000,80,0.81,0,0,0,0,0,0,0,0,0
BA,BA170120P00085000,85,1.1,0,0,0,0,0,0,0,0,0
BA,BA170120P00090000,90,1.47,0,0,0,0,0,0,0,0,0
BA,BA170120P00095000,95,1.91,0.114,0.114,0.114,0.114,0.114,0.114,0.114,0.114,0.114
BA,BA170120P00100000,100,2.5,2.93,2.931,2.934,2.934,2.934,2.934,2.934,2.934,2.934
BA,BA170120P00105000,105,3.3,7.91,7.91,7.91,7.91,7.91,7.91,7.91,7.91,7.91
BA,BA170120P00110000,110,4.15,12.91,12.91,12.91,12.91,12.91,12.91,12.91,12.91,12.91
BA,BA170120P00115000,115,5.6,17.91,17.91,17.91,17.91,17.91,17.91,17.91,17.91,17.91
BA,BA170120P00120000,120,7.35,22.91,22.91,22.91,22.91,22.91,22.91,22.91,22.91,22.91
BA,BA170120P00125000,125,9.45,27.91,27.91,27.91,27.91,27.91,27.91,27.91,27.91,27.91
BA,BA170120P00130000,130,11.9,32.91,32.91,32.91,32.91,32.91,32.91,32.91,32.91,32.91
BA,BA170120P00135000,135,14.55,37.91,37.91,37.91,37.91,37.91,37.91,37.91,37.91,37.91
BA,BA170120P00140000,140,18.05,42.91,42.91,42.91,42.91,42.91,42.91,42.91,42.91,42.91
BA,BA170120P00145000,145,22.25,47.9,47.9,47.9,47.9,47.9,47.9,47.9,47.9,47.9
BA,BA170120P00150000,150,26.3,52.9,52.9,52.9,52.9,52.9,52.9,52.9,52.9,52.9
BA,BA170120P00155000,155,30.65,57.9,57.9,57.9,57.9,57.9,57.9,57.9,57.9,57.9
BA,BA170120P00160000,160,34.24,62.9,62.9,62.9,62.9,62.9,62.9,62.9,62.9,62.9
BA,BA170120P00165000,165,42.25,67.9,67.9,67.9,67.9,67.9,67.9,67.9,67.9,67.9
BA,BA170120P00170000,170,42.95,72.9,72.9,72.9,72.9,72.9,72.9,72.9,72.9,72.9
BA,BA170120P00175000,175,52.6,77.9,77.9,77.9,77.9,77.9,77.9,77.9,77.9,77.9
BA,BA170120P00180000,180,47.8,82.9,82.9,82.9,82.9,82.9,82.9,82.9,82.9,82.9
BA,BA170120P00185000,185,79.5,87.91,87.91,87.91,87.91,87.91,87.91,87.91,87.91,87.91
BA,BA170120P00195000,195,50.9,97.91,97.91,97.91,97.91,97.91,97.91,97.91,97.91,97.91
BA,BA170120P00220000,220,90.5,122.9,122.9,122.9,122.9,122.9,122.9,122.9,122.9,122.9
BA,BA170120P00230000,230,101.75,132.91,132.91,132.91,132.91,132.91,132.91,132.91,132.91,132.91
BA,BA170616P00065000,65,0.83,0,0,0,0,0,0,0,0,0
BA,BA170616P00070000,70,1.1,0,0,0,0,0,0,0,0,0
BA,BA170616P00085000,85,2.28,0,0,0,0,0,0,0,0,0
BA,BA170616P00090000,90,3,0,0,0,0,0,0,0,0,0
BA,BA170616P00100000,100,4.95,2.94,2.94,2.943,2.943,2.943,2.943,2.943,2.943,2.943
BA,BA170616P00105000,105,5.85,7.91,7.91,7.91,7.91,7.91,7.91,7.91,7.91,7.91
BA,BA170616P00110000,110,7.18,12.91,12.91,12.91,12.91,12.91,12.91,12.91,12.91,12.91
BA,BA170616P00115000,115,8.85,17.91,17.91,17.91,17.91,17.91,17.91,17.91,17.91,17.91
BA,BA170616P00120000,120,10.95,22.91,22.91,22.91,22.91,22.91,22.91,22.91,22.91,22.91
BA,BA170616P00125000,125,13.2,27.91,27.91,27.91,27.91,27.91,27.91,27.91,27.91,27.91
BA,BA170616P00130000,130,16.29,32.91,32.91,32.91,32.91,32.91,32.91,32.91,32.91,32.91
BA,BA170616P00135000,135,18.53,37.91,37.91,37.91,37.91,37.91,37.91,37.91,37.91,37.91
BA,BA170616P00140000,140,21.85,42.91,42.91,42.91,42.91,42.91,42.91,42.91,42.91,42.91
BA,BA180119P00055000,55,1.1,0,0,0,0,0,0,0,0,0
BA,BA180119P00060000,60,1.38,0,0,0,0,0,0,0,0,0
BA,BA180119P00065000,65,1.8,0,0,0,0,0,0,0,0,0
BA,BA180119P00070000,70,2.25,0,0,0,0,0,0,0,0,0
BA,BA180119P00075000,75,2.56,0,0,0,0,0,0,0,0,0
BA,BA180119P00080000,80,3.54,0,0,0,0,0,0,0,0,0
BA,BA180119P00085000,85,4.1,0,0,0,0,0,0,0,0,0
BA,BA180119P00090000,90,5.1,0,0,0,0,0,0,0,0,0
BA,BA180119P00095000,95,6.34,0.115,0.115,0.115,0.116,0.116,0.115,0.116,0.115,0.115
BA,BA180119P00100000,100,7.5,2.94,2.94,2.943,2.943,2.943,2.943,2.943,2.943,2.943
BA,BA180119P00105000,105,9.1,7.91,7.91,7.91,7.91,7.91,7.91,7.91,7.91,7.91
BA,BA180119P00110000,110,10.5,12.91,12.91,12.91,12.91,12.91,12.91,12.91,12.91,12.91
BA,BA180119P00115000,115,12.5,17.91,17.91,17.91,17.91,17.91,17.91,17.91,17.91,17.91
BA,BA180119P00120000,120,14.55,22.91,22.91,22.91,22.91,22.91,22.91,22.91,22.91,22.91
BA,BA180119P00125000,125,17.05,27.91,27.91,27.91,27.91,27.91,27.91,27.91,27.91,27.91
BA,BA180119P00130000,130,18.4,32.91,32.91,32.91,32.91,32.91,32.91,32.91,32.91,32.91
BA,BA180119P00135000,135,22.2,37.91,37.91,37.91,37.91,37.91,37.91,37.91,37.91,37.91
BA,BA180119P00140000,140,25.55,42.91,42.91,42.91,42.91,42.91,42.91,42.91,42.91,42.91
BA,BA180119P00145000,145,29.35,47.91,47.91,47.91,47.91,47.91,47.91,47.91,47.91,47.91
BA,BA180119P00150000,150,33.05,52.9,52.9,52.9,52.9,52.9,52.9,52.9,52.9,52.9
BA,BA180119P00155000,155,37.55,57.91,57.91,57.91,57.91,57.91,57.91,57.91,57.91,57.91
BA,BA180119P00160000,160,39.65,62.91,62.91,62.91,62.91,62.91,62.91,62.91,62.91,62.91
BA,BA180119P00165000,165,42.15,67.9,67.9,67.9,67.9,67.9,67.9,67.9,67.9,67.9
BA,BA180119P00170000,170,44.6,72.9,72.9,72.9,72.9,72.9,72.9,72.9,72.9,72.9
BA,BA180119P00175000,175,57.1,77.91,77.91,77.91,77.91,77.91,77.91,77.91,77.91,77.91
BA,BA180119P00180000,180,64.4,82.91,82.91,82.91,82.91,82.91,82.91,82.91,82.91,82.91
BA,BA180119P00185000,185,83.3,87.91,87.91,87.91,87.91,87.91,87.91,87.91,87.91,87.91
BA,BA180119P00195000,195,84.65,97.9,97.9,97.9,97.9,97.9,97.9,97.9,97.9,97.9
BA,BA180119P00200000,200,89.85,102.9,102.9,102.9,102.9,102.9,102.9,102.9,102.9,102.9
BA,BA180119P00210000,210,85.8,112.91,112.91,112.91,112.91,112.91,112.91,112.91,112.91,112.91
BA,BA180119P00220000,220,90.5,122.9,122.9,122.9,122.9,122.9,122.9,122.9,122.9,122.9
CAT,CAT160603P00055000,55,0.11,0,0,0,0,0,0,0,0,0
CAT,CAT160603P00060000,60,0.09,0,0,0,0,0,0,0,0,0
CAT,CAT160603P00062500,62.5,0.03,0,0,0,0,0,0,0,0,0
CAT,CAT160603P00063000,63,0.04,0,0,0,0,0,0,0,0,0
CAT,CAT160603P00063500,63.5,0.02,0,0,0,0,0,0,0,0,0
CAT,CAT160603P00064000,64,0.06,0,0,0,0,0,0,0,0,0
CAT,CAT160603P00064500,64.5,0.02,0,0,0,0,0,0,0,0,0
CAT,CAT160603P00065000,65,0.02,0,0,0,0,0,0,0,0,0
CAT,CAT160603P00066000,66,0.03,0,0,0,0,0,0,0,0,0
CAT,CAT160603P00066500,66.5,0.02,0,0,0,0,0,0,0,0,0
CAT,CAT160603P00067000,67,0.03,0,0,0,0,0,0,0,0,0
CAT,CAT160603P00067500,67.5,0.02,0,0,0,0,0,0,0,0,0
CAT,CAT160603P00068000,68,0.02,0,0,0,0,0,0,0,0,0
CAT,CAT160603P00068500,68.5,0.02,0,0,0,0,0,0,0,0,0
CAT,CAT160603P00069000,69,0.01,0,0,0,0,0,0,0,0,0
CAT,CAT160603P00069500,69.5,0.02,0,0,0,0,0,0,0,0,0
CAT,CAT160603P00070000,70,0.04,0,0,0,0,0,0,0,0,0
CAT,CAT160603P00070500,70.5,0.02,0,0,0,0,0,0,0,0,0
CAT,CAT160603P00071000,71,0.03,0,0,0,0,0,0,0,0,0
CAT,CAT160603P00071500,71.5,0.05,0,0,0,0,0,0,0,0,0
CAT,CAT160603P00072000,72,0.16,0,0,0,0,0,0,0,0,0
CAT,CAT160603P00072500,72.5,0.17,0,0,0,0,0,0,0,0,0
CAT,CAT160603P00073000,73,0.33,0,0,0,0,0,0,0,0,0
CAT,CAT160603P00073500,73.5,0.59,0,0,0,0,0,0,0,0,0
CAT,CAT160603P00074000,74,0.94,0,0,0,0,0,0,0,0,0
CAT,CAT160603P00074500,74.5,1.7,0,0,0,0,0,0,0,0,0
CAT,CAT160603P00075000,75,2.15,0,0,0,0,0,0,0,0,0
CAT,CAT160603P00075500,75.5,3.55,0,0,0,0,0,0,0,0,0
CAT,CAT160603P00076000,76,3.15,0,0,0,0,0,0,0,0,0
CAT,CAT160603P00076500,76.5,5.4,0,0,0,0,0,0,0,0,0
CAT,CAT160603P00077000,77,6.6,0,0,0,0,0,0,0,0,0
CAT,CAT160603P00077500,77.5,7.29,0,0,0,0,0,0,0,0,0
CAT,CAT160603P00078000,78,7.18,0,0,0,0,0,0,0,0,0
CAT,CAT160603P00078500,78.5,5.5,0,0,0,0,0,0,0,0,0
CAT,CAT160603P00079000,79,6.45,0,0,0,0,0,0,0,0,0
CAT,CAT160603P00079500,79.5,6.2,0,0,0,0,0,0,0,0,0
CAT,CAT160603P00080000,80,7.4,0,0,0,0,0,0,0,0,0
CAT,CAT160603P00081500,81.5,4.1,0,0,0,0,0,0,0,0,0
CAT,CAT160603P00083000,83,5.47,0,0,0,0,0,0,0,0,0
CAT,CAT160603P00083500,83.5,5.87,0,0,0,0,0,0,0,0,0
CAT,CAT160610P00060000,60,0.12,0,0,0,0,0,0,0,0,0
CAT,CAT160610P00062000,62,0.06,0,0,0,0,0,0,0,0,0
CAT,CAT160610P00063500,63.5,0.07,0,0,0,0,0,0,0,0,0
CAT,CAT160610P00064000,64,0.08,0,0,0,0,0,0,0,0,0
CAT,CAT160610P00065000,65,0.06,0,0,0,0,0,0,0,0,0
CAT,CAT160610P00066000,66,0.16,0,0,0,0,0,0,0,0,0
CAT,CAT160610P00066500,66.5,0.39,0,0,0,0,0,0,0,0,0
CAT,CAT160610P00067000,67,0.13,0,0,0,0,0,0,0,0,0
CAT,CAT160610P00067500,67.5,0.11,0,0,0,0,0,0,0,0,0
CAT,CAT160610P00068000,68,0.13,0,0,0,0,0,0,0,0,0
CAT,CAT160610P00068500,68.5,0.17,0,0,0,0,0,0,0,0,0
CAT,CAT160610P00069000,69,0.17,0,0,0,0,0,0,0,0,0
CAT,CAT160610P00069500,69.5,0.52,0,0,0,0,0,0,0,0,0
CAT,CAT160610P00070000,70,0.24,0,0,0,0,0,0,0,0,0
CAT,CAT160610P00070500,70.5,0.3,0,0,0,0,0,0,0,0,0
CAT,CAT160610P00071000,71,0.37,0,0,0,0,0,0,0,0,0
CAT,CAT160610P00071500,71.5,0.93,0,0,0,0,0,0,0,0,0
CAT,CAT160610P00072000,72,0.55,0,0,0,0,0,0,0,0,0
CAT,CAT160610P00072500,72.5,0.85,0,0,0,0,0,0,0,0,0
CAT,CAT160610P00073000,73,1,0,0,0,0,0,0,0,0,0
CAT,CAT160610P00073500,73.5,1.7,0,0,0,0,0,0,0,0,0
CAT,CAT160610P00074000,74,1.64,0,0,0,0,0,0,0,0,0
CAT,CAT160610P00074500,74.5,2.46,0,0,0,0,0,0,0,0,0
CAT,CAT160610P00075000,75,3.06,0,0,0,0,0,0,0,0,0
CAT,CAT160610P00075500,75.5,3.98,0,0,0,0,0,0,0,0,0
CAT,CAT160610P00076000,76,4.61,0,0,0,0,0,0,0,0,0
CAT,CAT160610P00076500,76.5,4.3,0,0,0,0,0,0,0,0,0
CAT,CAT160610P00077500,77.5,4.4,0,0,0,0,0,0,0,0,0
CAT,CAT160610P00078000,78,7.4,0,0,0,0,0,0,0,0,0
CAT,CAT160617P00040000,40,0.02,0,0,0,0,0,0,0,0,0
CAT,CAT160617P00042500,42.5,0.01,0,0,0,0,0,0,0,0,0
CAT,CAT160617P00045000,45,0.02,0,0,0,0,0,0,0,0,0
CAT,CAT160617P00047500,47.5,0.03,0,0,0,0,0,0,0,0,0
CAT,CAT160617P00050000,50,0.02,0,0,0,0,0,0,0,0,0
CAT,CAT160617P00055000,55,0.01,0,0,0,0,0,0,0,0,0
CAT,CAT160617P00057500,57.5,0.04,0,0,0,0,0,0,0,0,0
CAT,CAT160617P00060000,60,0.03,0,0,0,0,0,0,0,0,0
CAT,CAT160617P00061000,61,0.04,0,0,0,0,0,0,0,0,0
CAT,CAT160617P00061500,61.5,0.05,0,0,0,0,0,0,0,0,0
CAT,CAT160617P00062000,62,0.1,0,0,0,0,0,0,0,0,0
CAT,CAT160617P00062500,62.5,0.06,0,0,0,0,0,0,0,0,0
CAT,CAT160617P00063000,63,0.08,0,0,0,0,0,0,0,0,0
CAT,CAT160617P00064000,64,0.14,0,0,0,0,0,0,0,0,0
CAT,CAT160617P00064500,64.5,0.11,0,0,0,0,0,0,0,0,0
CAT,CAT160617P00065000,65,0.09,0,0,0,0,0,0,0,0,0
CAT,CAT160617P00065500,65.5,0.16,0,0,0,0,0,0,0,0,0
CAT,CAT160617P00066000,66,0.14,0,0,0,0,0,0,0,0,0
CAT,CAT160617P00066500,66.5,0.23,0,0,0,0,0,0,0,0,0
CAT,CAT160617P00067000,67,0.17,0,0,0,0,0,0,0,0,0
CAT,CAT160617P00067500,67.5,0.21,0,0,0,0,0,0,0,0,0
CAT,CAT160617P00068000,68,0.25,0,0,0,0,0,0,0,0,0
CAT,CAT160617P00068500,68.5,0.38,0,0,0,0,0,0,0,0,0
CAT,CAT160617P00069000,69,0.32,0,0,0,0,0,0,0,0,0
CAT,CAT160617P00069500,69.5,0.41,0,0,0,0,0,0,0,0,0
CAT,CAT160617P00070000,70,0.49,0,0,0,0,0,0,0,0,0
CAT,CAT160617P00070500,70.5,0.56,0,0,0,0,0,0,0,0,0
CAT,CAT160617P00071000,71,0.67,0,0,0,0,0,0,0,0,0
CAT,CAT160617P00071500,71.5,0.77,0,0,0,0,0,0,0,0,0
CAT,CAT160617P00072000,72,0.96,0,0,0,0,0,0,0,0,0
CAT,CAT160617P00072500,72.5,1.16,0,0,0,0,0,0,0,0,0
CAT,CAT160617P00073000,73,1.29,0,0,0,0,0,0,0,0,0
CAT,CAT160617P00073500,73.5,1.51,0,0,0,0,0,0,0,0,0
CAT,CAT160617P00074000,74,1.77,0,0,0,0,0,0,0,0,0
CAT,CAT160617P00074500,74.5,4.98,0,0,0,0,0,0,0,0,0
CAT,CAT160617P00075000,75,2.38,0,0,0,0,0,0,0,0,0
CAT,CAT160617P00075500,75.5,2.97,0,0,0,0,0,0,0,0,0
CAT,CAT160617P00077000,77,6.13,0,0,0,0,0,0,0,0,0
CAT,CAT160617P00077500,77.5,5.12,0,0,0,0,0,0,0,0,0
CAT,CAT160617P00080000,80,7.45,0,0,0,0,0,0,0,0,0
CAT,CAT160617P00080500,80.5,10.1,0,0,0,0,0,0,0,0,0
CAT,CAT160617P00081000,81,9,0,0,0,0,0,0,0,0,0
CAT,CAT160617P00082500,82.5,9.65,0,0,0,0,0,0,0,0,0
CAT,CAT160617P00085000,85,14.8,0,0,0,0,0,0,0,0,0
CAT,CAT160617P00087500,87.5,8.8,0,0,0,0,0,0,0,0,0
CAT,CAT160617P00090000,90,11.75,0,0,0,0,0,0,0,0,0
CAT,CAT160617P00095000,95,16.25,0.117,0.117,0.117,0.117,0.117,0.117,0.117,0.117,0.117
CAT,CAT160617P00115000,115,35.9,17.92,17.92,17.92,17.92,17.92,17.92,17.92,17.92,17.92
CAT,CAT160624P00055000,55,0.08,0,0,0,0,0,0,0,0,0
CAT,CAT160624P00060000,60,0.07,0,0,0,0,0,0,0,0,0
CAT,CAT160624P00062000,62,0.3,0,0,0,0,0,0,0,0,0
CAT,CAT160624P00063000,63,0.3,0,0,0,0,0,0,0,0,0
CAT,CAT160624P00064000,64,0.17,0,0,0,0,0,0,0,0,0
CAT,CAT160624P00065000,65,0.28,0,0,0,0,0,0,0,0,0
CAT,CAT160624P00066000,66,0.3,0,0,0,0,0,0,0,0,0
CAT,CAT160624P00066500,66.5,0.94,0,0,0,0,0,0,0,0,0
CAT,CAT160624P00067000,67,0.42,0,0,0,0,0,0,0,0,0
CAT,CAT160624P00067500,67.5,0.44,0,0,0,0,0,0,0,0,0
CAT,CAT160624P00068000,68,0.45,0,0,0,0,0,0,0,0,0
CAT,CAT160624P00068500,68.5,0.7,0,0,0,0,0,0,0,0,0
CAT,CAT160624P00069000,69,0.61,0,0,0,0,0,0,0,0,0
CAT,CAT160624P00069500,69.5,1.11,0,0,0,0,0,0,0,0,0
CAT,CAT160624P00070000,70,1,0,0,0,0,0,0,0,0,0
CAT,CAT160624P00070500,70.5,2.21,0,0,0,0,0,0,0,0,0
CAT,CAT160624P00071000,71,0.94,0,0,0,0,0,0,0,0,0
CAT,CAT160624P00071500,71.5,1.37,0,0,0,0,0,0,0,0,0
CAT,CAT160624P00072000,72,1.39,0,0,0,0,0,0,0,0,0
CAT,CAT160624P00072500,72.5,2.23,0,0,0,0,0,0,0,0,0
CAT,CAT160624P00073000,73,3.8,0,0,0,0,0,0,0,0,0
CAT,CAT160624P00073500,73.5,2.01,0,0,0,0,0,0,0,0,0
CAT,CAT160624P00074000,74,3.9,0,0,0,0,0,0,0,0,0
CAT,CAT160624P00074500,74.5,4.38,0,0,0,0,0,0,0,0,0
CAT,CAT160624P00075000,75,3.55,0,0,0,0,0,0,0,0,0
CAT,CAT160624P00075500,75.5,3.92,0,0,0,0,0,0,0,0,0
CAT,CAT160624P00076000,76,6.26,0,0,0,0,0,0,0,0,0
CAT,CAT160624P00076500,76.5,6.8,0,0,0,0,0,0,0,0,0
CAT,CAT160624P00077500,77.5,5.53,0,0,0,0,0,0,0,0,0
CAT,CAT160624P00079000,79,8.63,0,0,0,0,0,0,0,0,0
CAT,CAT160624P00080000,80,9.12,0,0,0,0,0,0,0,0,0
CAT,CAT160701P00055000,55,0.14,0,0,0,0,0,0,0,0,0
CAT,CAT160701P00060000,60,0.13,0,0,0,0,0,0,0,0,0
CAT,CAT160701P00062000,62,0.2,0,0,0,0,0,0,0,0,0
CAT,CAT160701P00063000,63,0.46,0,0,0,0,0,0,0,0,0
CAT,CAT160701P00063500,63.5,0.31,0,0,0,0,0,0,0,0,0
CAT,CAT160701P00064000,64,0.25,0,0,0,0,0,0,0,0,0
CAT,CAT160701P00065000,65,0.39,0,0,0,0,0,0,0,0,0
CAT,CAT160701P00066000,66,0.55,0,0,0,0,0,0,0,0,0
CAT,CAT160701P00066500,66.5,1.29,0,0,0,0,0,0,0,0,0
CAT,CAT160701P00067000,67,0.68,0,0,0,0,0,0,0,0,0
CAT,CAT160701P00067500,67.5,0.77,0,0,0,0,0,0,0,0,0
CAT,CAT160701P00068000,68,0.62,0,0,0,0,0,0,0,0,0
CAT,CAT160701P00068500,68.5,1.63,0,0,0,0,0,0,0,0,0
CAT,CAT160701P00069000,69,1.1,0,0,0,0,0,0,0,0,0
CAT,CAT160701P00069500,69.5,0.88,0,0,0,0,0,0,0,0,0
CAT,CAT160701P00070000,70,1.23,0,0,0,0,0,0,0,0,0
CAT,CAT160701P00070500,70.5,1.27,0,0,0,0,0,0,0,0,0
CAT,CAT160701P00071000,71,1.28,0,0,0,0,0,0,0,0,0
CAT,CAT160701P00071500,71.5,1.45,0,0,0,0,0,0,0,0,0
CAT,CAT160701P00072000,72,1.83,0,0,0,0,0,0,0,0,0
CAT,CAT160701P00072500,72.5,3.14,0,0,0,0,0,0,0,0,0
CAT,CAT160701P00073000,73,2.04,0,0,0,0,0,0,0,0,0
CAT,CAT160701P00073500,73.5,4.02,0,0,0,0,0,0,0,0,0
CAT,CAT160701P00074000,74,3.4,0,0,0,0,0,0,0,0,0
CAT,CAT160701P00074500,74.5,3.55,0,0,0,0,0,0,0,0,0
CAT,CAT160701P00075000,75,3.55,0,0,0,0,0,0,0,0,0
CAT,CAT160701P00076000,76,5.85,0,0,0,0,0,0,0,0,0
CAT,CAT160701P00076500,76.5,6.67,0,0,0,0,0,0,0,0,0
CAT,CAT160701P00077500,77.5,5.91,0,0,0,0,0,0,0,0,0
CAT,CAT160701P00079000,79,9.7,0,0,0,0,0,0,0,0,0
